Reference Designator,Description,Manufacturer,Manufacturer Part Number,Suppliers,Package,Quantity,Symbol Type,Capacitance,Voltage,Tolerance,Is Generic,Dielectric,Mouser Part Number,Digikey Part Number,Verified Pad Assignment,Temperature Range Low,Verified Attributes,Digikey Description,Verified Geometry,Ipc Land Pattern Name,Verified Pin Names,Temperature Range High,Centroid Not Specified,Category 0Dd3C0D93D8Cd614,Imported From,Color,Category A1D76Cdd91F27A10,Category 848D4987B4D35F4A,Category Ab56665C9B747091,Resistance,Conn 7 Type,Conn 3 Type,Number Of Rows,Contact Finish Thickness,Conn 5 Type,Circuits,Contact Finish,Is Male,Conn 6 Type,Conn 0 Type,Is Connector,Conn 4 Type,Conn 1 Type,Pitch,Conn 2 Type,Row Spacing,Mounting Type,Is Female,Resistor,Inductance,Nobom,Mechanical Details,Conn 10 Type,Conn 15 Type,Conn 12 Type,Conn 8 Type,Conn 11 Type,Conn 13 Type,Conn 14 Type,Conn 9 Type,Supplier 2,Supplier 3,Microchipcom Home,Supplier Part Number 1,Supplier 4,Supplier Part Number 3,Packagedescription,Category 0542C84834E1De85,Access Time,Librarypath,Footprint 1 Description,Supplier 1,Indexinsheet,Supplier Part Number 2,Category 42E28Fe8734E9925,Code Ipc,Supplier Part Number 4,Category 9E07530Daf1645C0,Lifecycle Status,Designitemid,Packaging Specification,Mounting Style,Frequency,Category Bc47714D8De96780,Footprint 0 Description,Supply Voltage Dc,Max Supply Voltage Dc,Footprint 2 Description,Clock Speed,Category 20B3Edb914A9Fb74,Conn 16 Type,Conn 19 Type,Conn 17 Type,Conn 20 Type,Conn 18 Type,Dacs Per Package,Packing,Package Type,Interface,Packages,Vref,Dnl (Lsb),Resolution (Bits),Typical Operating Current (Μa),Temp Range,Typical Standby Current (Μa),Volume Pricing,Leads,Output Settling Time (Μs),Polarity,Category E7B12Abbd6523C76,Category 3B27F62D0A3Ae0E0,Rds Drain To Source Resistance On,Category D77D1A77E69F0Cba,Breakdown Voltage Drain To Source,Category 6F04A20E5Eeab4C3,Category 08B8C5B23945D37F,Reach Svhc Compliance,Category 505D9D57619A8B9A,Category 181Ad51029E0C3Dd,Bandwidth,Slew Rate,Supply Current,Packagetopmarking,Powerwise,Partnumber,Pincount,Mtc28 Package Page,Adc10065 Web Page,Code Jedec,Adc10065 Datasheet,Comptype,Conn 22 Type,Conn 41 Type,Conn 34 Type,Conn 23 Type,Conn 26 Type,Conn 38 Type,Conn 25 Type,Conn 28 Type,Conn 21 Type,Conn 37 Type,Conn 40 Type,Conn 31 Type,Conn 27 Type,Conn 39 Type,Conn 42 Type,Conn 30 Type,Conn 35 Type,Conn 29 Type,Conn 33 Type,Conn 43 Type,Conn 36 Type,Conn 32 Type,Conn 24 Type
C1,Generic Capacitor (Non-Polarized) (1e-07F),Generic,Capacitor (1e-07F),,0603 (1608 metric),1,Capacitor,1e-07F,10v,10%,true,X7R,,,,,,,,,,,,,,,,,,,,,,,,,,,,,,,,,,,,,,,,,,,,,,,,,,,,,,,,,,,,,,,,,,,,,,,,,,,,,,,,,,,,,,,,,,,,,,,,,,,,,,,,,,,,,,,,,,,,,,,,,,,,,,,,,,,,,,,,,,,,,,,
C10,Generic Capacitor (Non-Polarized) (1e-07F),Generic,Capacitor (1e-07F),,0603 (1608 metric),1,Capacitor,1e-07F,10v,10%,true,X7R,,,,,,,,,,,,,,,,,,,,,,,,,,,,,,,,,,,,,,,,,,,,,,,,,,,,,,,,,,,,,,,,,,,,,,,,,,,,,,,,,,,,,,,,,,,,,,,,,,,,,,,,,,,,,,,,,,,,,,,,,,,,,,,,,,,,,,,,,,,,,,,
C11,Generic Capacitor (Non-Polarized) (1e-05F),Generic,Capacitor (1e-05F),,0805 (2012 metric),1,Capacitor,1e-05F,10v,10%,true,X7R,,,,,,,,,,,,,,,,,,,,,,,,,,,,,,,,,,,,,,,,,,,,,,,,,,,,,,,,,,,,,,,,,,,,,,,,,,,,,,,,,,,,,,,,,,,,,,,,,,,,,,,,,,,,,,,,,,,,,,,,,,,,,,,,,,,,,,,,,,,,,,,
C12,Generic Capacitor (Non-Polarized) (1e-07F),Generic,Capacitor (1e-07F),,0603 (1608 metric),1,Capacitor,1e-07F,10v,10%,true,X7R,,,,,,,,,,,,,,,,,,,,,,,,,,,,,,,,,,,,,,,,,,,,,,,,,,,,,,,,,,,,,,,,,,,,,,,,,,,,,,,,,,,,,,,,,,,,,,,,,,,,,,,,,,,,,,,,,,,,,,,,,,,,,,,,,,,,,,,,,,,,,,,
C13,Generic Capacitor (Non-Polarized) (1e-05F),Generic,Capacitor (1e-05F),,0805 (2012 metric),1,Capacitor,1e-05F,10v,10%,true,X7R,,,,,,,,,,,,,,,,,,,,,,,,,,,,,,,,,,,,,,,,,,,,,,,,,,,,,,,,,,,,,,,,,,,,,,,,,,,,,,,,,,,,,,,,,,,,,,,,,,,,,,,,,,,,,,,,,,,,,,,,,,,,,,,,,,,,,,,,,,,,,,,
C14,Generic Capacitor (Non-Polarized) (1e-07F),Generic,Capacitor (1e-07F),,0603 (1608 metric),1,Capacitor,1e-07F,10v,10%,true,X7R,,,,,,,,,,,,,,,,,,,,,,,,,,,,,,,,,,,,,,,,,,,,,,,,,,,,,,,,,,,,,,,,,,,,,,,,,,,,,,,,,,,,,,,,,,,,,,,,,,,,,,,,,,,,,,,,,,,,,,,,,,,,,,,,,,,,,,,,,,,,,,,
C15,Generic Capacitor (Non-Polarized) (1e-07F),Generic,Capacitor (1e-07F),,0603 (1608 metric),1,Capacitor,1e-07F,10v,10%,true,X7R,,,,,,,,,,,,,,,,,,,,,,,,,,,,,,,,,,,,,,,,,,,,,,,,,,,,,,,,,,,,,,,,,,,,,,,,,,,,,,,,,,,,,,,,,,,,,,,,,,,,,,,,,,,,,,,,,,,,,,,,,,,,,,,,,,,,,,,,,,,,,,,
C16,Generic Capacitor (Non-Polarized) (1e-07F),Generic,Capacitor (1e-07F),,0603 (1608 metric),1,Capacitor,1e-07F,10v,10%,true,X7R,,,,,,,,,,,,,,,,,,,,,,,,,,,,,,,,,,,,,,,,,,,,,,,,,,,,,,,,,,,,,,,,,,,,,,,,,,,,,,,,,,,,,,,,,,,,,,,,,,,,,,,,,,,,,,,,,,,,,,,,,,,,,,,,,,,,,,,,,,,,,,,
C17,Generic Capacitor (Non-Polarized) (1e-07F),Generic,Capacitor (1e-07F),,0603 (1608 metric),1,Capacitor,1e-07F,10v,10%,true,X7R,,,,,,,,,,,,,,,,,,,,,,,,,,,,,,,,,,,,,,,,,,,,,,,,,,,,,,,,,,,,,,,,,,,,,,,,,,,,,,,,,,,,,,,,,,,,,,,,,,,,,,,,,,,,,,,,,,,,,,,,,,,,,,,,,,,,,,,,,,,,,,,
C18,Generic Capacitor (Non-Polarized) (1e-07F),Generic,Capacitor (1e-07F),,0603 (1608 metric),1,Capacitor,1e-07F,10v,10%,true,X7R,,,,,,,,,,,,,,,,,,,,,,,,,,,,,,,,,,,,,,,,,,,,,,,,,,,,,,,,,,,,,,,,,,,,,,,,,,,,,,,,,,,,,,,,,,,,,,,,,,,,,,,,,,,,,,,,,,,,,,,,,,,,,,,,,,,,,,,,,,,,,,,
C19,Generic Capacitor (Non-Polarized) (1e-07F),Generic,Capacitor (1e-07F),,0603 (1608 metric),1,Capacitor,1e-07F,10v,10%,true,X7R,,,,,,,,,,,,,,,,,,,,,,,,,,,,,,,,,,,,,,,,,,,,,,,,,,,,,,,,,,,,,,,,,,,,,,,,,,,,,,,,,,,,,,,,,,,,,,,,,,,,,,,,,,,,,,,,,,,,,,,,,,,,,,,,,,,,,,,,,,,,,,,
C2,Generic Capacitor (Non-Polarized) (1e-07F),Generic,Capacitor (1e-07F),,0603 (1608 metric),1,Capacitor,1e-07F,10v,10%,true,X7R,,,,,,,,,,,,,,,,,,,,,,,,,,,,,,,,,,,,,,,,,,,,,,,,,,,,,,,,,,,,,,,,,,,,,,,,,,,,,,,,,,,,,,,,,,,,,,,,,,,,,,,,,,,,,,,,,,,,,,,,,,,,,,,,,,,,,,,,,,,,,,,
C20,Generic Capacitor (Non-Polarized) (1e-07F),Generic,Capacitor (1e-07F),,0603 (1608 metric),1,Capacitor,1e-07F,10v,10%,true,X7R,,,,,,,,,,,,,,,,,,,,,,,,,,,,,,,,,,,,,,,,,,,,,,,,,,,,,,,,,,,,,,,,,,,,,,,,,,,,,,,,,,,,,,,,,,,,,,,,,,,,,,,,,,,,,,,,,,,,,,,,,,,,,,,,,,,,,,,,,,,,,,,
C21,Generic Capacitor (Non-Polarized) (1e-07F),Generic,Capacitor (1e-07F),,0603 (1608 metric),1,Capacitor,1e-07F,10v,10%,true,X7R,,,,,,,,,,,,,,,,,,,,,,,,,,,,,,,,,,,,,,,,,,,,,,,,,,,,,,,,,,,,,,,,,,,,,,,,,,,,,,,,,,,,,,,,,,,,,,,,,,,,,,,,,,,,,,,,,,,,,,,,,,,,,,,,,,,,,,,,,,,,,,,
C22,Generic Capacitor (Non-Polarized) (4.7e-06F),Generic,Capacitor (4.7e-06F),,0805 (2012 metric),1,Capacitor,4.7e-06F,10v,10%,true,X7R,,,,,,,,,,,,,,,,,,,,,,,,,,,,,,,,,,,,,,,,,,,,,,,,,,,,,,,,,,,,,,,,,,,,,,,,,,,,,,,,,,,,,,,,,,,,,,,,,,,,,,,,,,,,,,,,,,,,,,,,,,,,,,,,,,,,,,,,,,,,,,,
C23,Generic Capacitor (Non-Polarized) (4.7e-06F),Generic,Capacitor (4.7e-06F),,0805 (2012 metric),1,Capacitor,4.7e-06F,10v,10%,true,X7R,,,,,,,,,,,,,,,,,,,,,,,,,,,,,,,,,,,,,,,,,,,,,,,,,,,,,,,,,,,,,,,,,,,,,,,,,,,,,,,,,,,,,,,,,,,,,,,,,,,,,,,,,,,,,,,,,,,,,,,,,,,,,,,,,,,,,,,,,,,,,,,
C24,Generic Capacitor (Non-Polarized) (1e-07F),Generic,Capacitor (1e-07F),,0603 (1608 metric),1,Capacitor,1e-07F,10v,10%,true,X7R,,,,,,,,,,,,,,,,,,,,,,,,,,,,,,,,,,,,,,,,,,,,,,,,,,,,,,,,,,,,,,,,,,,,,,,,,,,,,,,,,,,,,,,,,,,,,,,,,,,,,,,,,,,,,,,,,,,,,,,,,,,,,,,,,,,,,,,,,,,,,,,
C25,Generic Capacitor (Non-Polarized) (1e-07F),Generic,Capacitor (1e-07F),,0603 (1608 metric),1,Capacitor,1e-07F,10v,10%,true,X7R,,,,,,,,,,,,,,,,,,,,,,,,,,,,,,,,,,,,,,,,,,,,,,,,,,,,,,,,,,,,,,,,,,,,,,,,,,,,,,,,,,,,,,,,,,,,,,,,,,,,,,,,,,,,,,,,,,,,,,,,,,,,,,,,,,,,,,,,,,,,,,,
C26,Generic Capacitor (Non-Polarized) (4.7e-06F),Generic,Capacitor (4.7e-06F),,0805 (2012 metric),1,Capacitor,4.7e-06F,10v,10%,true,X7R,,,,,,,,,,,,,,,,,,,,,,,,,,,,,,,,,,,,,,,,,,,,,,,,,,,,,,,,,,,,,,,,,,,,,,,,,,,,,,,,,,,,,,,,,,,,,,,,,,,,,,,,,,,,,,,,,,,,,,,,,,,,,,,,,,,,,,,,,,,,,,,
C29,Generic Capacitor (Non-Polarized) (1e-07F),Generic,Capacitor (1e-07F),,0603 (1608 metric),1,Capacitor,1e-07F,10v,10%,true,X7R,,,,,,,,,,,,,,,,,,,,,,,,,,,,,,,,,,,,,,,,,,,,,,,,,,,,,,,,,,,,,,,,,,,,,,,,,,,,,,,,,,,,,,,,,,,,,,,,,,,,,,,,,,,,,,,,,,,,,,,,,,,,,,,,,,,,,,,,,,,,,,,
C3,Generic Capacitor (Non-Polarized) (1e-07F),Generic,Capacitor (1e-07F),,0603 (1608 metric),1,Capacitor,1e-07F,10v,10%,true,X7R,,,,,,,,,,,,,,,,,,,,,,,,,,,,,,,,,,,,,,,,,,,,,,,,,,,,,,,,,,,,,,,,,,,,,,,,,,,,,,,,,,,,,,,,,,,,,,,,,,,,,,,,,,,,,,,,,,,,,,,,,,,,,,,,,,,,,,,,,,,,,,,
C31,Generic Capacitor (Non-Polarized) (1e-06F),Generic,Capacitor (1e-06F),,0805 (2012 metric),1,Capacitor,1e-06F,10V,10%,true,X7R,,,,,,,,,,,,,,,,,,,,,,,,,,,,,,,,,,,,,,,,,,,,,,,,,,,,,,,,,,,,,,,,,,,,,,,,,,,,,,,,,,,,,,,,,,,,,,,,,,,,,,,,,,,,,,,,,,,,,,,,,,,,,,,,,,,,,,,,,,,,,,,
C32,Generic Capacitor (Non-Polarized) (1e-08F),Generic,Capacitor (1e-08F),,1206 (3216 metric),1,Capacitor,1e-08F,100V,10%,true,X7R,,,,,,,,,,,,,,,,,,,,,,,,,,,,,,,,,,,,,,,,,,,,,,,,,,,,,,,,,,,,,,,,,,,,,,,,,,,,,,,,,,,,,,,,,,,,,,,,,,,,,,,,,,,,,,,,,,,,,,,,,,,,,,,,,,,,,,,,,,,,,,,
C33,Generic Capacitor (Non-Polarized) (1e-08F),Generic,Capacitor (1e-08F),,1206 (3216 metric),1,Capacitor,1e-08F,100V,10%,true,X7R,,,,,,,,,,,,,,,,,,,,,,,,,,,,,,,,,,,,,,,,,,,,,,,,,,,,,,,,,,,,,,,,,,,,,,,,,,,,,,,,,,,,,,,,,,,,,,,,,,,,,,,,,,,,,,,,,,,,,,,,,,,,,,,,,,,,,,,,,,,,,,,
C34,Generic Capacitor (Non-Polarized) (1e-06F),Generic,Capacitor (1e-06F),,1206 (3216 metric),1,Capacitor,1e-06F,100V,10%,true,X7R,,,,,,,,,,,,,,,,,,,,,,,,,,,,,,,,,,,,,,,,,,,,,,,,,,,,,,,,,,,,,,,,,,,,,,,,,,,,,,,,,,,,,,,,,,,,,,,,,,,,,,,,,,,,,,,,,,,,,,,,,,,,,,,,,,,,,,,,,,,,,,,
C39,Generic Capacitor (Non-Polarized) (1e-08F),Generic,Capacitor (1e-08F),,1206 (3216 metric),1,Capacitor,1e-08F,100V,10%,true,X7R,,,,,,,,,,,,,,,,,,,,,,,,,,,,,,,,,,,,,,,,,,,,,,,,,,,,,,,,,,,,,,,,,,,,,,,,,,,,,,,,,,,,,,,,,,,,,,,,,,,,,,,,,,,,,,,,,,,,,,,,,,,,,,,,,,,,,,,,,,,,,,,
C4,Generic Capacitor (Non-Polarized) (1e-07F),Generic,Capacitor (1e-07F),,0603 (1608 metric),1,Capacitor,1e-07F,10v,10%,true,X7R,,,,,,,,,,,,,,,,,,,,,,,,,,,,,,,,,,,,,,,,,,,,,,,,,,,,,,,,,,,,,,,,,,,,,,,,,,,,,,,,,,,,,,,,,,,,,,,,,,,,,,,,,,,,,,,,,,,,,,,,,,,,,,,,,,,,,,,,,,,,,,,
C40,Generic Capacitor (Non-Polarized) (1e-08F),Generic,Capacitor (1e-08F),,1206 (3216 metric),1,Capacitor,1e-08F,100V,10%,true,X7R,,,,,,,,,,,,,,,,,,,,,,,,,,,,,,,,,,,,,,,,,,,,,,,,,,,,,,,,,,,,,,,,,,,,,,,,,,,,,,,,,,,,,,,,,,,,,,,,,,,,,,,,,,,,,,,,,,,,,,,,,,,,,,,,,,,,,,,,,,,,,,,
C41,Generic Capacitor (Non-Polarized) (1e-08F),Generic,Capacitor (1e-08F),,1206 (3216 metric),1,Capacitor,1e-08F,100V,10%,true,X7R,,,,,,,,,,,,,,,,,,,,,,,,,,,,,,,,,,,,,,,,,,,,,,,,,,,,,,,,,,,,,,,,,,,,,,,,,,,,,,,,,,,,,,,,,,,,,,,,,,,,,,,,,,,,,,,,,,,,,,,,,,,,,,,,,,,,,,,,,,,,,,,
C42,Generic Capacitor (Non-Polarized) (1e-06F),Generic,Capacitor (1e-06F),,0805 (2012 metric),1,Capacitor,1e-06F,10V,10%,true,X7R,,,,,,,,,,,,,,,,,,,,,,,,,,,,,,,,,,,,,,,,,,,,,,,,,,,,,,,,,,,,,,,,,,,,,,,,,,,,,,,,,,,,,,,,,,,,,,,,,,,,,,,,,,,,,,,,,,,,,,,,,,,,,,,,,,,,,,,,,,,,,,,
C44,Generic Capacitor (Non-Polarized) (1e-07F),Generic,Capacitor (1e-07F),,0603 (1608 metric),1,Capacitor,1e-07F,10v,10%,true,X7R,,,,,,,,,,,,,,,,,,,,,,,,,,,,,,,,,,,,,,,,,,,,,,,,,,,,,,,,,,,,,,,,,,,,,,,,,,,,,,,,,,,,,,,,,,,,,,,,,,,,,,,,,,,,,,,,,,,,,,,,,,,,,,,,,,,,,,,,,,,,,,,
C46,Generic Capacitor (Non-Polarized) (1.8e-08F),Generic,Capacitor (1.8e-08F),,0603 (1608 metric),1,Capacitor,1.8e-08F,10v,10%,true,X7R,,,,,,,,,,,,,,,,,,,,,,,,,,,,,,,,,,,,,,,,,,,,,,,,,,,,,,,,,,,,,,,,,,,,,,,,,,,,,,,,,,,,,,,,,,,,,,,,,,,,,,,,,,,,,,,,,,,,,,,,,,,,,,,,,,,,,,,,,,,,,,,
C47,Generic Capacitor (Non-Polarized) (1e-07F),Generic,Capacitor (1e-07F),,0603 (1608 metric),1,Capacitor,1e-07F,10v,10%,true,X7R,,,,,,,,,,,,,,,,,,,,,,,,,,,,,,,,,,,,,,,,,,,,,,,,,,,,,,,,,,,,,,,,,,,,,,,,,,,,,,,,,,,,,,,,,,,,,,,,,,,,,,,,,,,,,,,,,,,,,,,,,,,,,,,,,,,,,,,,,,,,,,,
C48,Generic Capacitor (Non-Polarized) (1e-07F),Generic,Capacitor (1e-07F),,0603 (1608 metric),1,Capacitor,1e-07F,10v,10%,true,X7R,,,,,,,,,,,,,,,,,,,,,,,,,,,,,,,,,,,,,,,,,,,,,,,,,,,,,,,,,,,,,,,,,,,,,,,,,,,,,,,,,,,,,,,,,,,,,,,,,,,,,,,,,,,,,,,,,,,,,,,,,,,,,,,,,,,,,,,,,,,,,,,
C49,Generic Capacitor (Non-Polarized) (1e-09F),Generic,Capacitor (1e-09F),,0603 (1608 metric),1,Capacitor,1e-09F,10v,10%,true,X7R,,,,,,,,,,,,,,,,,,,,,,,,,,,,,,,,,,,,,,,,,,,,,,,,,,,,,,,,,,,,,,,,,,,,,,,,,,,,,,,,,,,,,,,,,,,,,,,,,,,,,,,,,,,,,,,,,,,,,,,,,,,,,,,,,,,,,,,,,,,,,,,
C5,Generic Capacitor (Non-Polarized) (1e-07F),Generic,Capacitor (1e-07F),,0603 (1608 metric),1,Capacitor,1e-07F,10v,10%,true,X7R,,,,,,,,,,,,,,,,,,,,,,,,,,,,,,,,,,,,,,,,,,,,,,,,,,,,,,,,,,,,,,,,,,,,,,,,,,,,,,,,,,,,,,,,,,,,,,,,,,,,,,,,,,,,,,,,,,,,,,,,,,,,,,,,,,,,,,,,,,,,,,,
C50,Generic Capacitor (Non-Polarized) (1e-09F),Generic,Capacitor (1e-09F),,0603 (1608 metric),1,Capacitor,1e-09F,10v,10%,true,X7R,,,,,,,,,,,,,,,,,,,,,,,,,,,,,,,,,,,,,,,,,,,,,,,,,,,,,,,,,,,,,,,,,,,,,,,,,,,,,,,,,,,,,,,,,,,,,,,,,,,,,,,,,,,,,,,,,,,,,,,,,,,,,,,,,,,,,,,,,,,,,,,
C51,Generic Capacitor (Non-Polarized) (1e-07F),Generic,Capacitor (1e-07F),,0603 (1608 metric),1,Capacitor,1e-07F,10v,10%,true,X7R,,,,,,,,,,,,,,,,,,,,,,,,,,,,,,,,,,,,,,,,,,,,,,,,,,,,,,,,,,,,,,,,,,,,,,,,,,,,,,,,,,,,,,,,,,,,,,,,,,,,,,,,,,,,,,,,,,,,,,,,,,,,,,,,,,,,,,,,,,,,,,,
C52,Generic Capacitor (Non-Polarized) (1e-09F),Generic,Capacitor (1e-09F),,0603 (1608 metric),1,Capacitor,1e-09F,10v,10%,true,X7R,,,,,,,,,,,,,,,,,,,,,,,,,,,,,,,,,,,,,,,,,,,,,,,,,,,,,,,,,,,,,,,,,,,,,,,,,,,,,,,,,,,,,,,,,,,,,,,,,,,,,,,,,,,,,,,,,,,,,,,,,,,,,,,,,,,,,,,,,,,,,,,
C53,Generic Capacitor (Non-Polarized) (1e-07F),Generic,Capacitor (1e-07F),,0603 (1608 metric),1,Capacitor,1e-07F,10v,10%,true,X7R,,,,,,,,,,,,,,,,,,,,,,,,,,,,,,,,,,,,,,,,,,,,,,,,,,,,,,,,,,,,,,,,,,,,,,,,,,,,,,,,,,,,,,,,,,,,,,,,,,,,,,,,,,,,,,,,,,,,,,,,,,,,,,,,,,,,,,,,,,,,,,,
C54,Generic Capacitor (Non-Polarized) (1e-07F),Generic,Capacitor (1e-07F),,0603 (1608 metric),1,Capacitor,1e-07F,10v,10%,true,X7R,,,,,,,,,,,,,,,,,,,,,,,,,,,,,,,,,,,,,,,,,,,,,,,,,,,,,,,,,,,,,,,,,,,,,,,,,,,,,,,,,,,,,,,,,,,,,,,,,,,,,,,,,,,,,,,,,,,,,,,,,,,,,,,,,,,,,,,,,,,,,,,
C55,Generic Capacitor (Non-Polarized) (1e-07F),Generic,Capacitor (1e-07F),,0603 (1608 metric),1,Capacitor,1e-07F,10v,10%,true,X7R,,,,,,,,,,,,,,,,,,,,,,,,,,,,,,,,,,,,,,,,,,,,,,,,,,,,,,,,,,,,,,,,,,,,,,,,,,,,,,,,,,,,,,,,,,,,,,,,,,,,,,,,,,,,,,,,,,,,,,,,,,,,,,,,,,,,,,,,,,,,,,,
C57,Generic Capacitor (Non-Polarized) (1e-09F),Generic,Capacitor (1e-09F),,0603 (1608 metric),1,Capacitor,1e-09F,10v,10%,true,X7R,,,,,,,,,,,,,,,,,,,,,,,,,,,,,,,,,,,,,,,,,,,,,,,,,,,,,,,,,,,,,,,,,,,,,,,,,,,,,,,,,,,,,,,,,,,,,,,,,,,,,,,,,,,,,,,,,,,,,,,,,,,,,,,,,,,,,,,,,,,,,,,
C58,Generic Capacitor (Non-Polarized) (1e-07F),Generic,Capacitor (1e-07F),,0603 (1608 metric),1,Capacitor,1e-07F,10v,10%,true,X7R,,,,,,,,,,,,,,,,,,,,,,,,,,,,,,,,,,,,,,,,,,,,,,,,,,,,,,,,,,,,,,,,,,,,,,,,,,,,,,,,,,,,,,,,,,,,,,,,,,,,,,,,,,,,,,,,,,,,,,,,,,,,,,,,,,,,,,,,,,,,,,,
C6,Generic Capacitor (Non-Polarized) (1e-07F),Generic,Capacitor (1e-07F),,0603 (1608 metric),1,Capacitor,1e-07F,10v,10%,true,X7R,,,,,,,,,,,,,,,,,,,,,,,,,,,,,,,,,,,,,,,,,,,,,,,,,,,,,,,,,,,,,,,,,,,,,,,,,,,,,,,,,,,,,,,,,,,,,,,,,,,,,,,,,,,,,,,,,,,,,,,,,,,,,,,,,,,,,,,,,,,,,,,
C60,Generic Capacitor (Non-Polarized) (1e-07F),Generic,Capacitor (1e-07F),,0603 (1608 metric),1,Capacitor,1e-07F,10v,10%,true,X7R,,,,,,,,,,,,,,,,,,,,,,,,,,,,,,,,,,,,,,,,,,,,,,,,,,,,,,,,,,,,,,,,,,,,,,,,,,,,,,,,,,,,,,,,,,,,,,,,,,,,,,,,,,,,,,,,,,,,,,,,,,,,,,,,,,,,,,,,,,,,,,,
C61,Generic Capacitor (Non-Polarized) (1e-07F),Generic,Capacitor (1e-07F),,0603 (1608 metric),1,Capacitor,1e-07F,10v,10%,true,X7R,,,,,,,,,,,,,,,,,,,,,,,,,,,,,,,,,,,,,,,,,,,,,,,,,,,,,,,,,,,,,,,,,,,,,,,,,,,,,,,,,,,,,,,,,,,,,,,,,,,,,,,,,,,,,,,,,,,,,,,,,,,,,,,,,,,,,,,,,,,,,,,
C62,Generic Capacitor (Non-Polarized) (5e-11F),Generic,Capacitor (5e-11F),,0603 (1608 metric),1,Capacitor,5e-11F,10v,5%,true,COG,,,,,,,,,,,,,,,,,,,,,,,,,,,,,,,,,,,,,,,,,,,,,,,,,,,,,,,,,,,,,,,,,,,,,,,,,,,,,,,,,,,,,,,,,,,,,,,,,,,,,,,,,,,,,,,,,,,,,,,,,,,,,,,,,,,,,,,,,,,,,,,
C64,Generic Capacitor (Non-Polarized) (1e-07F),Generic,Capacitor (1e-07F),,0603 (1608 metric),1,Capacitor,1e-07F,10v,10%,true,X7R,,,,,,,,,,,,,,,,,,,,,,,,,,,,,,,,,,,,,,,,,,,,,,,,,,,,,,,,,,,,,,,,,,,,,,,,,,,,,,,,,,,,,,,,,,,,,,,,,,,,,,,,,,,,,,,,,,,,,,,,,,,,,,,,,,,,,,,,,,,,,,,
C65,Generic Capacitor (Non-Polarized) (1e-07F),Generic,Capacitor (1e-07F),,0603 (1608 metric),1,Capacitor,1e-07F,10v,10%,true,X7R,,,,,,,,,,,,,,,,,,,,,,,,,,,,,,,,,,,,,,,,,,,,,,,,,,,,,,,,,,,,,,,,,,,,,,,,,,,,,,,,,,,,,,,,,,,,,,,,,,,,,,,,,,,,,,,,,,,,,,,,,,,,,,,,,,,,,,,,,,,,,,,
C66,Generic Capacitor (Non-Polarized) (1e-07F),Generic,Capacitor (1e-07F),,0603 (1608 metric),1,Capacitor,1e-07F,10v,10%,true,X7R,,,,,,,,,,,,,,,,,,,,,,,,,,,,,,,,,,,,,,,,,,,,,,,,,,,,,,,,,,,,,,,,,,,,,,,,,,,,,,,,,,,,,,,,,,,,,,,,,,,,,,,,,,,,,,,,,,,,,,,,,,,,,,,,,,,,,,,,,,,,,,,
C67,Generic Capacitor (Non-Polarized) (1e-07F),Generic,Capacitor (1e-07F),,0603 (1608 metric),1,Capacitor,1e-07F,10v,10%,true,X7R,,,,,,,,,,,,,,,,,,,,,,,,,,,,,,,,,,,,,,,,,,,,,,,,,,,,,,,,,,,,,,,,,,,,,,,,,,,,,,,,,,,,,,,,,,,,,,,,,,,,,,,,,,,,,,,,,,,,,,,,,,,,,,,,,,,,,,,,,,,,,,,
C68,Generic Capacitor (Non-Polarized) (1e-07F),Generic,Capacitor (1e-07F),,0603 (1608 metric),1,Capacitor,1e-07F,10v,10%,true,X7R,,,,,,,,,,,,,,,,,,,,,,,,,,,,,,,,,,,,,,,,,,,,,,,,,,,,,,,,,,,,,,,,,,,,,,,,,,,,,,,,,,,,,,,,,,,,,,,,,,,,,,,,,,,,,,,,,,,,,,,,,,,,,,,,,,,,,,,,,,,,,,,
C69,Generic Capacitor (Non-Polarized) (4.7e-06F),Generic,Capacitor (4.7e-06F),,0805 (2012 metric),1,Capacitor,4.7e-06F,10v,10%,true,X7R,,,,,,,,,,,,,,,,,,,,,,,,,,,,,,,,,,,,,,,,,,,,,,,,,,,,,,,,,,,,,,,,,,,,,,,,,,,,,,,,,,,,,,,,,,,,,,,,,,,,,,,,,,,,,,,,,,,,,,,,,,,,,,,,,,,,,,,,,,,,,,,
C7,Generic Capacitor (Non-Polarized) (1e-07F),Generic,Capacitor (1e-07F),,0603 (1608 metric),1,Capacitor,1e-07F,10v,10%,true,X7R,,,,,,,,,,,,,,,,,,,,,,,,,,,,,,,,,,,,,,,,,,,,,,,,,,,,,,,,,,,,,,,,,,,,,,,,,,,,,,,,,,,,,,,,,,,,,,,,,,,,,,,,,,,,,,,,,,,,,,,,,,,,,,,,,,,,,,,,,,,,,,,
C70,Generic Capacitor (Non-Polarized) (4.7e-06F),Generic,Capacitor (4.7e-06F),,0805 (2012 metric),1,Capacitor,4.7e-06F,10v,10%,true,X7R,,,,,,,,,,,,,,,,,,,,,,,,,,,,,,,,,,,,,,,,,,,,,,,,,,,,,,,,,,,,,,,,,,,,,,,,,,,,,,,,,,,,,,,,,,,,,,,,,,,,,,,,,,,,,,,,,,,,,,,,,,,,,,,,,,,,,,,,,,,,,,,
C71,Generic Capacitor (Non-Polarized) (1e-07F),Generic,Capacitor (1e-07F),,0603 (1608 metric),1,Capacitor,1e-07F,10v,10%,true,X7R,,,,,,,,,,,,,,,,,,,,,,,,,,,,,,,,,,,,,,,,,,,,,,,,,,,,,,,,,,,,,,,,,,,,,,,,,,,,,,,,,,,,,,,,,,,,,,,,,,,,,,,,,,,,,,,,,,,,,,,,,,,,,,,,,,,,,,,,,,,,,,,
C72,Generic Capacitor (Non-Polarized) (1e-07F),Generic,Capacitor (1e-07F),,0603 (1608 metric),1,Capacitor,1e-07F,10v,10%,true,X7R,,,,,,,,,,,,,,,,,,,,,,,,,,,,,,,,,,,,,,,,,,,,,,,,,,,,,,,,,,,,,,,,,,,,,,,,,,,,,,,,,,,,,,,,,,,,,,,,,,,,,,,,,,,,,,,,,,,,,,,,,,,,,,,,,,,,,,,,,,,,,,,
C73,Generic Capacitor (Non-Polarized) (1e-07F),Generic,Capacitor (1e-07F),,0603 (1608 metric),1,Capacitor,1e-07F,10v,10%,true,X7R,,,,,,,,,,,,,,,,,,,,,,,,,,,,,,,,,,,,,,,,,,,,,,,,,,,,,,,,,,,,,,,,,,,,,,,,,,,,,,,,,,,,,,,,,,,,,,,,,,,,,,,,,,,,,,,,,,,,,,,,,,,,,,,,,,,,,,,,,,,,,,,
C74,Generic Capacitor (Non-Polarized) (1e-07F),Generic,Capacitor (1e-07F),,0603 (1608 metric),1,Capacitor,1e-07F,10v,10%,true,X7R,,,,,,,,,,,,,,,,,,,,,,,,,,,,,,,,,,,,,,,,,,,,,,,,,,,,,,,,,,,,,,,,,,,,,,,,,,,,,,,,,,,,,,,,,,,,,,,,,,,,,,,,,,,,,,,,,,,,,,,,,,,,,,,,,,,,,,,,,,,,,,,
C76,Generic Capacitor (Non-Polarized) (1e-07F),Generic,Capacitor (1e-07F),,0603 (1608 metric),1,Capacitor,1e-07F,10v,10%,true,X7R,,,,,,,,,,,,,,,,,,,,,,,,,,,,,,,,,,,,,,,,,,,,,,,,,,,,,,,,,,,,,,,,,,,,,,,,,,,,,,,,,,,,,,,,,,,,,,,,,,,,,,,,,,,,,,,,,,,,,,,,,,,,,,,,,,,,,,,,,,,,,,,
C77,Generic Capacitor (Non-Polarized) (1e-07F),Generic,Capacitor (1e-07F),,0603 (1608 metric),1,Capacitor,1e-07F,10v,10%,true,X7R,,,,,,,,,,,,,,,,,,,,,,,,,,,,,,,,,,,,,,,,,,,,,,,,,,,,,,,,,,,,,,,,,,,,,,,,,,,,,,,,,,,,,,,,,,,,,,,,,,,,,,,,,,,,,,,,,,,,,,,,,,,,,,,,,,,,,,,,,,,,,,,
C78,Generic Capacitor (Non-Polarized) (1e-07F),Generic,Capacitor (1e-07F),,0603 (1608 metric),1,Capacitor,1e-07F,10v,10%,true,X7R,,,,,,,,,,,,,,,,,,,,,,,,,,,,,,,,,,,,,,,,,,,,,,,,,,,,,,,,,,,,,,,,,,,,,,,,,,,,,,,,,,,,,,,,,,,,,,,,,,,,,,,,,,,,,,,,,,,,,,,,,,,,,,,,,,,,,,,,,,,,,,,
C79,Generic Capacitor (Non-Polarized) (1e-07F),Generic,Capacitor (1e-07F),,0603 (1608 metric),1,Capacitor,1e-07F,10v,10%,true,X7R,,,,,,,,,,,,,,,,,,,,,,,,,,,,,,,,,,,,,,,,,,,,,,,,,,,,,,,,,,,,,,,,,,,,,,,,,,,,,,,,,,,,,,,,,,,,,,,,,,,,,,,,,,,,,,,,,,,,,,,,,,,,,,,,,,,,,,,,,,,,,,,
C8,Generic Capacitor (Non-Polarized) (1e-07F),Generic,Capacitor (1e-07F),,0603 (1608 metric),1,Capacitor,1e-07F,10v,10%,true,X7R,,,,,,,,,,,,,,,,,,,,,,,,,,,,,,,,,,,,,,,,,,,,,,,,,,,,,,,,,,,,,,,,,,,,,,,,,,,,,,,,,,,,,,,,,,,,,,,,,,,,,,,,,,,,,,,,,,,,,,,,,,,,,,,,,,,,,,,,,,,,,,,
C80,Generic Capacitor (Non-Polarized) (1e-07F),Generic,Capacitor (1e-07F),,0603 (1608 metric),1,Capacitor,1e-07F,10v,10%,true,X7R,,,,,,,,,,,,,,,,,,,,,,,,,,,,,,,,,,,,,,,,,,,,,,,,,,,,,,,,,,,,,,,,,,,,,,,,,,,,,,,,,,,,,,,,,,,,,,,,,,,,,,,,,,,,,,,,,,,,,,,,,,,,,,,,,,,,,,,,,,,,,,,
C81,Generic Capacitor (Non-Polarized) (1e-07F),Generic,Capacitor (1e-07F),,0603 (1608 metric),1,Capacitor,1e-07F,10v,10%,true,X7R,,,,,,,,,,,,,,,,,,,,,,,,,,,,,,,,,,,,,,,,,,,,,,,,,,,,,,,,,,,,,,,,,,,,,,,,,,,,,,,,,,,,,,,,,,,,,,,,,,,,,,,,,,,,,,,,,,,,,,,,,,,,,,,,,,,,,,,,,,,,,,,
C82,Generic Capacitor (Non-Polarized) (1e-07F),Generic,Capacitor (1e-07F),,0603 (1608 metric),0,Capacitor,1e-07F,10v,10%,true,X7R,,,,,,,,,,,,,,,,,,,,,,,,,,,,,,,,,,,,,,,,,,,,,,,,,,,,,,,,,,,,,,,,,,,,,,,,,,,,,,,,,,,,,,,,,,,,,,,,,,,,,,,,,,,,,,,,,,,,,,,,,,,,,,,,,,,,,,,,,,,,,,,
C83,Generic Capacitor (Non-Polarized) (1e-07F),Generic,Capacitor (1e-07F),,0603 (1608 metric),1,Capacitor,1e-07F,10v,10%,true,X7R,,,,,,,,,,,,,,,,,,,,,,,,,,,,,,,,,,,,,,,,,,,,,,,,,,,,,,,,,,,,,,,,,,,,,,,,,,,,,,,,,,,,,,,,,,,,,,,,,,,,,,,,,,,,,,,,,,,,,,,,,,,,,,,,,,,,,,,,,,,,,,,
C84,Generic Capacitor (Non-Polarized) (1e-08F),Generic,Capacitor (1e-08F),,0603 (1608 metric),1,Capacitor,1e-08F,10v,10%,true,X7R,,,,,,,,,,,,,,,,,,,,,,,,,,,,,,,,,,,,,,,,,,,,,,,,,,,,,,,,,,,,,,,,,,,,,,,,,,,,,,,,,,,,,,,,,,,,,,,,,,,,,,,,,,,,,,,,,,,,,,,,,,,,,,,,,,,,,,,,,,,,,,,
C85,Generic Capacitor (Non-Polarized) (4.7e-06F),Generic,Capacitor (4.7e-06F),,0805 (2012 metric),1,Capacitor,4.7e-06F,10v,10%,true,X7R,,,,,,,,,,,,,,,,,,,,,,,,,,,,,,,,,,,,,,,,,,,,,,,,,,,,,,,,,,,,,,,,,,,,,,,,,,,,,,,,,,,,,,,,,,,,,,,,,,,,,,,,,,,,,,,,,,,,,,,,,,,,,,,,,,,,,,,,,,,,,,,
C86,Generic Capacitor (Non-Polarized) (1e-05F),Generic,Capacitor (1e-05F),,0805 (2012 metric),1,Capacitor,1e-05F,10v,10%,true,X7R,,,,,,,,,,,,,,,,,,,,,,,,,,,,,,,,,,,,,,,,,,,,,,,,,,,,,,,,,,,,,,,,,,,,,,,,,,,,,,,,,,,,,,,,,,,,,,,,,,,,,,,,,,,,,,,,,,,,,,,,,,,,,,,,,,,,,,,,,,,,,,,
C87,Generic Capacitor (Non-Polarized) (1e-08F),Generic,Capacitor (1e-08F),,0603 (1608 metric),1,Capacitor,1e-08F,10v,10%,true,X7R,,,,,,,,,,,,,,,,,,,,,,,,,,,,,,,,,,,,,,,,,,,,,,,,,,,,,,,,,,,,,,,,,,,,,,,,,,,,,,,,,,,,,,,,,,,,,,,,,,,,,,,,,,,,,,,,,,,,,,,,,,,,,,,,,,,,,,,,,,,,,,,
C88,Generic Capacitor (Non-Polarized) (1e-05F),Generic,Capacitor (1e-05F),,0805 (2012 metric),1,Capacitor,1e-05F,10v,10%,true,X7R,,,,,,,,,,,,,,,,,,,,,,,,,,,,,,,,,,,,,,,,,,,,,,,,,,,,,,,,,,,,,,,,,,,,,,,,,,,,,,,,,,,,,,,,,,,,,,,,,,,,,,,,,,,,,,,,,,,,,,,,,,,,,,,,,,,,,,,,,,,,,,,
C89,Generic Capacitor (Non-Polarized) (1e-05F),Generic,Capacitor (1e-05F),,0805 (2012 metric),1,Capacitor,1e-05F,10v,10%,true,X7R,,,,,,,,,,,,,,,,,,,,,,,,,,,,,,,,,,,,,,,,,,,,,,,,,,,,,,,,,,,,,,,,,,,,,,,,,,,,,,,,,,,,,,,,,,,,,,,,,,,,,,,,,,,,,,,,,,,,,,,,,,,,,,,,,,,,,,,,,,,,,,,
C9,Generic Capacitor (Non-Polarized) (1e-07F),Generic,Capacitor (1e-07F),,0603 (1608 metric),1,Capacitor,1e-07F,10v,10%,true,X7R,,,,,,,,,,,,,,,,,,,,,,,,,,,,,,,,,,,,,,,,,,,,,,,,,,,,,,,,,,,,,,,,,,,,,,,,,,,,,,,,,,,,,,,,,,,,,,,,,,,,,,,,,,,,,,,,,,,,,,,,,,,,,,,,,,,,,,,,,,,,,,,
C90,Generic Capacitor (Non-Polarized) (1e-07F),Generic,Capacitor (1e-07F),,0603 (1608 metric),1,Capacitor,1e-07F,10v,10%,true,X7R,,,,,,,,,,,,,,,,,,,,,,,,,,,,,,,,,,,,,,,,,,,,,,,,,,,,,,,,,,,,,,,,,,,,,,,,,,,,,,,,,,,,,,,,,,,,,,,,,,,,,,,,,,,,,,,,,,,,,,,,,,,,,,,,,,,,,,,,,,,,,,,
C92,Generic Capacitor (Non-Polarized) (2.2e-11F),Generic,Capacitor (2.2e-11F),,0603 (1608 metric),1,Capacitor,2.2e-11F,10v,5%,true,COG,,,,,,,,,,,,,,,,,,,,,,,,,,,,,,,,,,,,,,,,,,,,,,,,,,,,,,,,,,,,,,,,,,,,,,,,,,,,,,,,,,,,,,,,,,,,,,,,,,,,,,,,,,,,,,,,,,,,,,,,,,,,,,,,,,,,,,,,,,,,,,,
C93,Generic Capacitor (Non-Polarized) (1e-09F),Generic,Capacitor (1e-09F),,0603 (1608 metric),1,Capacitor,1e-09F,10v,10%,true,X7R,,,,,,,,,,,,,,,,,,,,,,,,,,,,,,,,,,,,,,,,,,,,,,,,,,,,,,,,,,,,,,,,,,,,,,,,,,,,,,,,,,,,,,,,,,,,,,,,,,,,,,,,,,,,,,,,,,,,,,,,,,,,,,,,,,,,,,,,,,,,,,,
C94,Generic Capacitor (Non-Polarized) (4.7e-06F),Generic,Capacitor (4.7e-06F),,0805 (2012 metric),1,Capacitor,4.7e-06F,10v,10%,true,X7R,,,,,,,,,,,,,,,,,,,,,,,,,,,,,,,,,,,,,,,,,,,,,,,,,,,,,,,,,,,,,,,,,,,,,,,,,,,,,,,,,,,,,,,,,,,,,,,,,,,,,,,,,,,,,,,,,,,,,,,,,,,,,,,,,,,,,,,,,,,,,,,
C95,Generic Capacitor (Non-Polarized) (4.7e-06F),Generic,Capacitor (4.7e-06F),,0805 (2012 metric),1,Capacitor,4.7e-06F,10v,10%,true,X7R,,,,,,,,,,,,,,,,,,,,,,,,,,,,,,,,,,,,,,,,,,,,,,,,,,,,,,,,,,,,,,,,,,,,,,,,,,,,,,,,,,,,,,,,,,,,,,,,,,,,,,,,,,,,,,,,,,,,,,,,,,,,,,,,,,,,,,,,,,,,,,,
C96,Generic Capacitor (Non-Polarized) (4.7e-06F),Generic,Capacitor (4.7e-06F),,0805 (2012 metric),1,Capacitor,4.7e-06F,10v,10%,true,X7R,,,,,,,,,,,,,,,,,,,,,,,,,,,,,,,,,,,,,,,,,,,,,,,,,,,,,,,,,,,,,,,,,,,,,,,,,,,,,,,,,,,,,,,,,,,,,,,,,,,,,,,,,,,,,,,,,,,,,,,,,,,,,,,,,,,,,,,,,,,,,,,
C97,Generic Capacitor (Non-Polarized) (4.7e-06F),Generic,Capacitor (4.7e-06F),,0805 (2012 metric),1,Capacitor,4.7e-06F,10v,10%,true,X7R,,,,,,,,,,,,,,,,,,,,,,,,,,,,,,,,,,,,,,,,,,,,,,,,,,,,,,,,,,,,,,,,,,,,,,,,,,,,,,,,,,,,,,,,,,,,,,,,,,,,,,,,,,,,,,,,,,,,,,,,,,,,,,,,,,,,,,,,,,,,,,,
D10,Surface Mount Polymeric ESD Suppressors,Littelfuse Inc.,PGB1010603MR,,0603 (1608 metric),1,,,,,,,576-PGB1010603MR,F2594CT-ND,true,-65°C,true,TVS DIODE 24VWM 150VC 0603,true,DIOCP16684X36,true,+125°C,No,,,,,,,,,,,,,,,,,,,,,,,,,,,,,,,,,,,,,,,,,,,,,,,,,,,,,,,,,,,,,,,,,,,,,,,,,,,,,,,,,,,,,,,,,,,,,,,,,,,,,,,,,,,,,,,,,,,,,,,,,,,,,,,,,,,,
D11,DIODE SCHOTTKY 20V 500MA 0603,Comchip Technology,CDBU0520,,0603,1,,,,,,,,,,,,,,CAPC16080X45,,,,,,,,,,,,,,,,,,,,,,,,,,,,,,,,,,,,,,,,,,,,,,,,,,,,,,,,,,,,,,,,,,,,,,,,,,,,,,,,,,,,,,,,,,,,,,,,,,,,,,,,,,,,,,,,,,,,,,,,,,,,,,,,,,,,,,,
D2,High Conductance Ultra-Fast Switching Diode,Fairchild,BAV99,,SOT-23-3,1,,,70V,,,,512-BAV99,BAV99FSCT-ND,true,-55,true,DIODE ARRAY GP 70V 200MA SOT23-3,true,,true,+155,No,,,,,,,,,,,,,,,,,,,,,,,,,,,,,,,,,,,,,,,,,,,,,,,,,,,,,,,,,,,,,,,,,,,,,,,,,,,,,,,,,,,,,,,,,,,,,,,,,,,,,,,,,,,,,,,,,,,,,,,,,,,,,,,,,,,,
D3,High Conductance Ultra-Fast Switching Diode,Fairchild,BAV99,,SOT-23-3,1,,,70V,,,,512-BAV99,BAV99FSCT-ND,true,-55,true,DIODE ARRAY GP 70V 200MA SOT23-3,true,,true,+155,No,,,,,,,,,,,,,,,,,,,,,,,,,,,,,,,,,,,,,,,,,,,,,,,,,,,,,,,,,,,,,,,,,,,,,,,,,,,,,,,,,,,,,,,,,,,,,,,,,,,,,,,,,,,,,,,,,,,,,,,,,,,,,,,,,,,,
D4,2.0x1.25mm SMD CHIP LED LAMP,Kingbright,APT2012SGC,Digi-Key 754-1131-6-ND/Digi-Key 754-1131-1-ND/Digi-Key 754-1131-2-ND,0805 (2012 metric),1,,15pF,,,,,604-APT2012SGC,754-1131-1-ND,true,-40°C,true,LED GREEN CLEAR 0805 SMD,true,DIOCP200125X45,true,+85°C,No,Light Sources and Emitters,octopart,Green Clear,LEDs,Optoelectronics,LEDs (Discrete),,,,,,,,,,,,,,,,,,,,,,,,,,,,,,,,,,,,,,,,,,,,,,,,,,,,,,,,,,,,,,,,,,,,,,,,,,,,,,,,,,,,,,,,,,,,,,,,,,,,,,,,,,,,,,,,,,,,,,,,,,,,,,
D5,2.0x1.25mm SMD CHIP LED LAMP,Kingbright,APT2012SGC,Digi-Key 754-1131-6-ND/Digi-Key 754-1131-1-ND/Digi-Key 754-1131-2-ND,0805 (2012 metric),1,,15pF,,,,,604-APT2012SGC,754-1131-1-ND,true,-40°C,true,LED GREEN CLEAR 0805 SMD,true,DIOCP200125X45,true,+85°C,No,Light Sources and Emitters,octopart,Green Clear,LEDs,Optoelectronics,LEDs (Discrete),,,,,,,,,,,,,,,,,,,,,,,,,,,,,,,,,,,,,,,,,,,,,,,,,,,,,,,,,,,,,,,,,,,,,,,,,,,,,,,,,,,,,,,,,,,,,,,,,,,,,,,,,,,,,,,,,,,,,,,,,,,,,,
D6,2.0x1.25mm SMD CHIP LED LAMP,Kingbright,APT2012SGC,Digi-Key 754-1131-6-ND/Digi-Key 754-1131-1-ND/Digi-Key 754-1131-2-ND,0805 (2012 metric),1,,15pF,,,,,604-APT2012SGC,754-1131-1-ND,true,-40°C,true,LED GREEN CLEAR 0805 SMD,true,DIOCP200125X45,true,+85°C,No,Light Sources and Emitters,octopart,Green Clear,LEDs,Optoelectronics,LEDs (Discrete),,,,,,,,,,,,,,,,,,,,,,,,,,,,,,,,,,,,,,,,,,,,,,,,,,,,,,,,,,,,,,,,,,,,,,,,,,,,,,,,,,,,,,,,,,,,,,,,,,,,,,,,,,,,,,,,,,,,,,,,,,,,,,
D7,2.0x1.25mm SMD CHIP LED LAMP,Kingbright,APT2012SGC,Digi-Key 754-1131-6-ND/Digi-Key 754-1131-1-ND/Digi-Key 754-1131-2-ND,0805 (2012 metric),1,,15pF,,,,,604-APT2012SGC,754-1131-1-ND,true,-40°C,true,LED GREEN CLEAR 0805 SMD,true,DIOCP200125X45,true,+85°C,No,Light Sources and Emitters,octopart,Green Clear,LEDs,Optoelectronics,LEDs (Discrete),,,,,,,,,,,,,,,,,,,,,,,,,,,,,,,,,,,,,,,,,,,,,,,,,,,,,,,,,,,,,,,,,,,,,,,,,,,,,,,,,,,,,,,,,,,,,,,,,,,,,,,,,,,,,,,,,,,,,,,,,,,,,,
D8,2.0x1.25mm SMD CHIP LED LAMP,Kingbright,APT2012SGC,Digi-Key 754-1131-6-ND/Digi-Key 754-1131-1-ND/Digi-Key 754-1131-2-ND,0805 (2012 metric),1,,15pF,,,,,604-APT2012SGC,754-1131-1-ND,true,-40°C,true,LED GREEN CLEAR 0805 SMD,true,DIOCP200125X45,true,+85°C,No,Light Sources and Emitters,octopart,Green Clear,LEDs,Optoelectronics,LEDs (Discrete),,,,,,,,,,,,,,,,,,,,,,,,,,,,,,,,,,,,,,,,,,,,,,,,,,,,,,,,,,,,,,,,,,,,,,,,,,,,,,,,,,,,,,,,,,,,,,,,,,,,,,,,,,,,,,,,,,,,,,,,,,,,,,
D9,Surface Mount Polymeric ESD Suppressors,Littelfuse Inc.,PGB1010603MR,,0603 (1608 metric),1,,,,,,,576-PGB1010603MR,F2594CT-ND,true,-65°C,true,TVS DIODE 24VWM 150VC 0603,true,DIOCP16684X36,true,+125°C,No,,,,,,,,,,,,,,,,,,,,,,,,,,,,,,,,,,,,,,,,,,,,,,,,,,,,,,,,,,,,,,,,,,,,,,,,,,,,,,,,,,,,,,,,,,,,,,,,,,,,,,,,,,,,,,,,,,,,,,,,,,,,,,,,,,,,
J1,No description,AMPHENOL,132357-11,,CONN_SMA_9MM52_7M92,1,,,,,,,,,,,,,,,,,No,,,,,,,50,,,,,,,,,,,,,,,,,,,,,,,,,,,,,,,,,,,,,,,,,,,,,,,,,,,,,,,,,,,,,,,,,,,,,,,,,,,,,,,,,,,,,,,,,,,,,,,,,,,,,,,,,,,,,,,,,,,,,,,,,,,,,
J10,"2.54mm Pitch C-Grid® Breakaway Header, Dual Row, Vertical, High Temperature, 8 Circuits, 0.38µm Gold (Au) Selective Plating, Tin (Sn) PC Tail Plating, 2.72mm PC Tail",Molex,10-89-7082,,HDR10,1,,,,,,,538-10-89-7082,WM50012-08-ND,false,-40°C,false,"8 Positions Header, Unshrouded, Breakaway Connector 0.100"" (2.54mm) Through Hole Gold",false,,false,+105°C,No,,,,,,,,passive,passive,2,0.38µm,passive,8,Gold,yes,passive,passive,yes,passive,passive,2.54mm,passive,2.54mm,,,,,,,,,,,,,,,,,,,,,,,,,,,,,,,,,,,,,,,,,,,,,,,,,,,,,,,,,,,,,,,,,,,,,,,,,,,,,,,,,,,,,,,,,,,,,,,,,,,,,,,,,,,,,
J12,"Micro-USB B Receptacle with Flange, Bottom Mount, Surface Mount,",Molex,47346-0001,,CONN_USB_2.0,1,,,,,,,538-47346-0001,WM17141CT-ND,true,-30°C,true,CONN RCPT 5POS MICRO USB R/A,true,,true,+85°C,No,,,,,,,,,,,,,,,,,,yes,,,,,,"Surface Mount, Right Angle",yes,,,,,,,,,,,,,,,,,,,,,,,,,,,,,,,,,,,,,,,,,,,,,,,,,,,,,,,,,,,,,,,,,,,,,,,,,,,,,,,,,,,,,,,,,,,,,,,,,,,,,,,,,,,
J13,"2.54mm (0.1"") Pitch Commercial/Industrial Connector",Harwin,M20-7820446,,CONN_SIL_SOCKET,1,,,,,,,855-M20-7820446,952-1792-ND,true,-40°C,true,04-WAY SIL VERT SOCKET L/FREE,true,,true,+105°C,No,,,,,,,,,,,,,,,yes,,,yes,,,,,,,,,,,,,,,,,,,,,,,,,,,,,,,,,,,,,,,,,,,,,,,,,,,,,,,,,,,,,,,,,,,,,,,,,,,,,,,,,,,,,,,,,,,,,,,,,,,,,,,,,,,,,,,,,,
J3,"2.54mm Pitch C-Grid® Breakaway Header, Dual Row, Vertical, High Temperature, 8 Circuits, 0.38µm Gold (Au) Selective Plating, Tin (Sn) PC Tail Plating, 2.72mm PC Tail",Molex,10-89-7082,,HDR10,1,,,,,,,538-10-89-7082,WM50012-08-ND,false,-40°C,false,"8 Positions Header, Unshrouded, Breakaway Connector 0.100"" (2.54mm) Through Hole Gold",false,,false,+105°C,No,,,,,,,,passive,passive,2,0.38µm,passive,8,Gold,yes,passive,passive,yes,passive,passive,2.54mm,passive,2.54mm,,,,,,,,,,,,,,,,,,,,,,,,,,,,,,,,,,,,,,,,,,,,,,,,,,,,,,,,,,,,,,,,,,,,,,,,,,,,,,,,,,,,,,,,,,,,,,,,,,,,,,,,,,,,,
J5,40-Pin GPIO Through Holes for Raspberry Pi,N/A,40-Pin Raspberry Pi B+ GPIO Through Holes,,40-Pin 2.54mm Pitch Through Holes,1,,,,,,,,,,,,,,,,,,,,,,,,,,,,,,,,,,,,,,,,,,,,,,,,,,,,,,,,,,,,,,,,,,,,,,,,,,,,,,,,,,,,,,,,,,,,,,,,,,,,,,,,,,,,,,,,,,,,,,,,,,,,,,,,,,,,,,,,,,,,,,,,,,,,,
J6,"2.54mm Pitch C-Grid® Breakaway Header, Dual Row, Vertical, High Temperature, 8 Circuits, 0.38µm Gold (Au) Selective Plating, Tin (Sn) PC Tail Plating, 2.72mm PC Tail",Molex,10-89-7082,,HDR10,1,,,,,,,538-10-89-7082,WM50012-08-ND,false,-40°C,false,"8 Positions Header, Unshrouded, Breakaway Connector 0.100"" (2.54mm) Through Hole Gold",false,,false,+105°C,No,,,,,,,,passive,passive,2,0.38µm,passive,8,Gold,yes,passive,passive,yes,passive,passive,2.54mm,passive,2.54mm,,,,,,,,,,,,,,,,,,,,,,,,,,,,,,,,,,,,,,,,,,,,,,,,,,,,,,,,,,,,,,,,,,,,,,,,,,,,,,,,,,,,,,,,,,,,,,,,,,,,,,,,,,,,,
J7,"2.54mm Pitch C-Grid® Breakaway Header, Dual Row, Vertical, High Temperature, 8 Circuits, 0.38µm Gold (Au) Selective Plating, Tin (Sn) PC Tail Plating, 2.72mm PC Tail",Molex,10-89-7082,,HDR10,1,,,,,,,538-10-89-7082,WM50012-08-ND,false,-40°C,false,"8 Positions Header, Unshrouded, Breakaway Connector 0.100"" (2.54mm) Through Hole Gold",false,,false,+105°C,No,,,,,,,,passive,passive,2,0.38µm,passive,8,Gold,yes,passive,passive,yes,passive,passive,2.54mm,passive,2.54mm,,,,,,,,,,,,,,,,,,,,,,,,,,,,,,,,,,,,,,,,,,,,,,,,,,,,,,,,,,,,,,,,,,,,,,,,,,,,,,,,,,,,,,,,,,,,,,,,,,,,,,,,,,,,,
J9,"2.54mm Pitch C-Grid® Breakaway Header, Dual Row, Vertical, High Temperature, 8 Circuits, 0.38µm Gold (Au) Selective Plating, Tin (Sn) PC Tail Plating, 2.72mm PC Tail",Molex,10-89-7082,,HDR10,1,,,,,,,538-10-89-7082,WM50012-08-ND,false,-40°C,false,"8 Positions Header, Unshrouded, Breakaway Connector 0.100"" (2.54mm) Through Hole Gold",false,,false,+105°C,No,,,,,,,,passive,passive,2,0.38µm,passive,8,Gold,yes,passive,passive,yes,passive,passive,2.54mm,passive,2.54mm,,,,,,,,,,,,,,,,,,,,,,,,,,,,,,,,,,,,,,,,,,,,,,,,,,,,,,,,,,,,,,,,,,,,,,,,,,,,,,,,,,,,,,,,,,,,,,,,,,,,,,,,,,,,,
L1,Chip Ferrite Bead,MURATA,BLM21PG121SN1D,,0805 (2012 metric),1,,,,,,,,,,,,,,,,,,,,,,,,,,,,,,,,,,,,,,,,,,,,,,,,,,,,,,,,,,,,,,,,,,,,,,,,,,,,,,,,,,,,,,,,,,,,,,,,,,,,,,,,,,,,,,,,,,,,,,,,,,,,,,,,,,,,,,,,,,,,,,,,,,,,,
L2,Generic Inductor (1e-07H),Generic,Inductor (1e-07H),,0805 (2012 metric),1,Inductor,,,,,,,,,,,,,,,,,,,,,,,,,,,,,,,,,,,,,,,,,,75R @100MHz,1e-07H,,,,,,,,,,,,,,,,,,,,,,,,,,,,,,,,,,,,,,,,,,,,,,,,,,,,,,,,,,,,,,,,,,,,,,,,,,,,,,,,,,,,,,,,,,,,,,,,,,,,,,,,,
L3,Generic Inductor (1e-07H),Generic,Inductor (1e-07H),,0805 (2012 metric),1,Inductor,,,,,,,,,,,,,,,,,,,,,,,,,,,,,,,,,,,,,,,,,,75R @100MHz,1e-07H,,,,,,,,,,,,,,,,,,,,,,,,,,,,,,,,,,,,,,,,,,,,,,,,,,,,,,,,,,,,,,,,,,,,,,,,,,,,,,,,,,,,,,,,,,,,,,,,,,,,,,,,,
L4,Generic Inductor (1e-07H),Generic,Inductor (1e-07H),,0805 (2012 metric),1,Inductor,,,,,,,,,,,,,,,,,,,,,,,,,,,,,,,,,,,,,,,,,,75R @100MHz,1e-07H,,,,,,,,,,,,,,,,,,,,,,,,,,,,,,,,,,,,,,,,,,,,,,,,,,,,,,,,,,,,,,,,,,,,,,,,,,,,,,,,,,,,,,,,,,,,,,,,,,,,,,,,,
L5,Generic Inductor (1e-07H),Generic,Inductor (1e-07H),,0805 (2012 metric),1,Inductor,,,,,,,,,,,,,,,,,,,,,,,,,,,,,,,,,,,,,,,,,,75R @100MHz,1e-07H,,,,,,,,,,,,,,,,,,,,,,,,,,,,,,,,,,,,,,,,,,,,,,,,,,,,,,,,,,,,,,,,,,,,,,,,,,,,,,,,,,,,,,,,,,,,,,,,,,,,,,,,,
L6,Generic Inductor (1e-07H),Generic,Inductor (1e-07H),,0805 (2012 metric),1,Inductor,,,,,,,,,,,,,,,,,,,,,,,,,,,,,,,,,,,,,,,,,,75R @100MHz,1e-07H,,,,,,,,,,,,,,,,,,,,,,,,,,,,,,,,,,,,,,,,,,,,,,,,,,,,,,,,,,,,,,,,,,,,,,,,,,,,,,,,,,,,,,,,,,,,,,,,,,,,,,,,,
M187,Mounting Hole M3,generic,Mounting Hole M3,,,1,,,,,,,,,,,,,,,,,No,,,,,,,,,,,,,,,,,,,,,,,,,,,,,,,,,,,,,,,,,,,,,,,,,,,,,,,,,,,,,,,,,,,,,,,,,,,,,,,,,,,,,,,,,,,,,,,,,,,,,,,,,,,,,,,,,,,,,,,,,,,,,,,,,,,,
M188,Mounting Hole M3,generic,Mounting Hole M3,,,1,,,,,,,,,,,,,,,,,No,,,,,,,,,,,,,,,,,,,,,,,,,,,,,,,,,,,,,,,,,,,,,,,,,,,,,,,,,,,,,,,,,,,,,,,,,,,,,,,,,,,,,,,,,,,,,,,,,,,,,,,,,,,,,,,,,,,,,,,,,,,,,,,,,,,,
M189,Mounting Hole M3,generic,Mounting Hole M3,,,1,,,,,,,,,,,,,,,,,No,,,,,,,,,,,,,,,,,,,,,,,,,,,,,,,,,,,,,,,,,,,,,,,,,,,,,,,,,,,,,,,,,,,,,,,,,,,,,,,,,,,,,,,,,,,,,,,,,,,,,,,,,,,,,,,,,,,,,,,,,,,,,,,,,,,,
M190,Mounting Hole M3,generic,Mounting Hole M3,,,1,,,,,,,,,,,,,,,,,No,,,,,,,,,,,,,,,,,,,,,,,,,,,,,,,,,,,,,,,,,,,,,,,,,,,,,,,,,,,,,,,,,,,,,,,,,,,,,,,,,,,,,,,,,,,,,,,,,,,,,,,,,,,,,,,,,,,,,,,,,,,,,,,,,,,,
R1,Generic Resistor (10000),Generic,Resistor (10000),,0603 (1608 metric),1,Resistor,,,1%,,,,,,,,,,,,,,,,,,,,10000,,,,,,,,,,,,,,,,,,,,,,,,,,,,,,,,,,,,,,,,,,,,,,,,,,,,,,,,,,,,,,,,,,,,,,,,,,,,,,,,,,,,,,,,,,,,,,,,,,,,,,,,,,,,,,,,,,,,,,,,,,,,,
R12,Generic Resistor (100000),Generic,Resistor (100000),,1206 (3216 metric),1,Resistor,,,1%,,,,,,,,,,,,,,,,,,,,100000,,,,,,,,,,,,,,,,,,,,,,,,,,,,,,,,,,,,,,,,,,,,,,,,,,,,,,,,,,,,,,,,,,,,,,,,,,,,,,,,,,,,,,,,,,,,,,,,,,,,,,,,,,,,,,,,,,,,,,,,,,,,,
R13,Generic Resistor (280),Generic,Resistor (280),,0603 (1608 metric),1,Resistor,,,1%,,,,,,,,,,,,,,,,,,,,280,,,,,,,,,,,,,,,,,,,,,,,,,,,,,,,,,,,,,,,,,,,,,,,,,,,,,,,,,,,,,,,,,,,,,,,,,,,,,,,,,,,,,,,,,,,,,,,,,,,,,,,,,,,,,,,,,,,,,,,,,,,,,
R15,Generic Resistor (10000),Generic,Resistor (10000),,0603 (1608 metric),1,Resistor,,,1%,,,,,,,,,,,,,,,,,,,,10000,,,,,,,,,,,,,,,,,,,,,,,,,,,,,,,,,,,,,,,,,,,,,,,,,,,,,,,,,,,,,,,,,,,,,,,,,,,,,,,,,,,,,,,,,,,,,,,,,,,,,,,,,,,,,,,,,,,,,,,,,,,,,
R16,Generic Resistor (10000),Generic,Resistor (10000),,0603 (1608 metric),1,Resistor,,,1%,,,,,,,,,,,,,,,,,,,,10000,,,,,,,,,,,,,,,,,,,,,,,,,,,,,,,,,,,,,,,,,,,,,,,,,,,,,,,,,,,,,,,,,,,,,,,,,,,,,,,,,,,,,,,,,,,,,,,,,,,,,,,,,,,,,,,,,,,,,,,,,,,,,
R17,Generic Resistor (11000),Generic,Resistor (11000),,0603 (1608 metric),1,Resistor,,,1%,,,,,,,,,,,,,,,,,,,,11000,,,,,,,,,,,,,,,,,,,,,,,,,,,,,,,,,,,,,,,,,,,,,,,,,,,,,,,,,,,,,,,,,,,,,,,,,,,,,,,,,,,,,,,,,,,,,,,,,,,,,,,,,,,,,,,,,,,,,,,,,,,,,
R18,Generic Resistor (100),Generic,Resistor (100),,0603 (1608 metric),1,Resistor,,,1%,,,,,,,,,,,,,,,,,,,,100,,,,,,,,,,,,,,,,,,,,,,,,,,,,,,,,,,,,,,,,,,,,,,,,,,,,,,,,,,,,,,,,,,,,,,,,,,,,,,,,,,,,,,,,,,,,,,,,,,,,,,,,,,,,,,,,,,,,,,,,,,,,,
R19,Generic Resistor (100),Generic,Resistor (100),,0603 (1608 metric),1,Resistor,,,1%,,,,,,,,,,,,,,,,,,,,100,,,,,,,,,,,,,,,,,,,,,,,,,,,,,,,,,,,,,,,,,,,,,,,,,,,,,,,,,,,,,,,,,,,,,,,,,,,,,,,,,,,,,,,,,,,,,,,,,,,,,,,,,,,,,,,,,,,,,,,,,,,,,
R2,Generic Resistor (10000),Generic,Resistor (10000),,0603 (1608 metric),1,Resistor,,,1%,,,,,,,,,,,,,,,,,,,,10000,,,,,,,,,,,,,,,,,,,,,,,,,,,,,,,,,,,,,,,,,,,,,,,,,,,,,,,,,,,,,,,,,,,,,,,,,,,,,,,,,,,,,,,,,,,,,,,,,,,,,,,,,,,,,,,,,,,,,,,,,,,,,
R21,Generic Resistor (18R),Generic,Resistor (18R),,0603 (1608 metric),1,Resistor,,,1%,,,,,,,,,,,,,,,,,,,,18R,,,,,,,,,,,,,,,,,,,,,,,,,,,,,,,,,,,,,,,,,,,,,,,,,,,,,,,,,,,,,,,,,,,,,,,,,,,,,,,,,,,,,,,,,,,,,,,,,,,,,,,,,,,,,,,,,,,,,,,,,,,,,
R22,Generic Resistor (18R),Generic,Resistor (18R),,0603 (1608 metric),1,Resistor,,,1%,,,,,,,,,,,,,,,,,,,,18R,,,,,,,,,,,,,,,,,,,,,,,,,,,,,,,,,,,,,,,,,,,,,,,,,,,,,,,,,,,,,,,,,,,,,,,,,,,,,,,,,,,,,,,,,,,,,,,,,,,,,,,,,,,,,,,,,,,,,,,,,,,,,
R24,Generic Resistor (649R),Generic,Resistor (649R),,0603 (1608 metric),1,Resistor,,,1%,,,,,,,,,,,,,,,,,,,,649R,,,,,,,,,,,,,,,,,,,,,,,,,,,,,,,,,,,,,,,,,,,,,,,,,,,,,,,,,,,,,,,,,,,,,,,,,,,,,,,,,,,,,,,,,,,,,,,,,,,,,,,,,,,,,,,,,,,,,,,,,,,,,
R25,Generic Resistor (10000),Generic,Resistor (10000),,0603 (1608 metric),1,Resistor,,,1%,,,,,,,,,,,,,,,,,,,,10000,,,,,,,,,,,,,,,,,,,,,,,,,,,,,,,,,,,,,,,,,,,,,,,,,,,,,,,,,,,,,,,,,,,,,,,,,,,,,,,,,,,,,,,,,,,,,,,,,,,,,,,,,,,,,,,,,,,,,,,,,,,,,
R26,Generic Resistor (649R),Generic,Resistor (649R),,0603 (1608 metric),1,Resistor,,,1%,,,,,,,,,,,,,,,,,,,,649R,,,,,,,,,,,,,,,,,,,,,,,,,,,,,,,,,,,,,,,,,,,,,,,,,,,,,,,,,,,,,,,,,,,,,,,,,,,,,,,,,,,,,,,,,,,,,,,,,,,,,,,,,,,,,,,,,,,,,,,,,,,,,
R27,Generic Resistor (10000),Generic,Resistor (10000),,0603 (1608 metric),1,Resistor,,,1%,,,,,,,,,,,,,,,,,,,,10000,,,,,,,,,,,,,,,,,,,,,,,,,,,,,,,,,,,,,,,,,,,,,,,,,,,,,,,,,,,,,,,,,,,,,,,,,,,,,,,,,,,,,,,,,,,,,,,,,,,,,,,,,,,,,,,,,,,,,,,,,,,,,
R28,Generic Resistor (10000),Generic,Resistor (10000),,0603 (1608 metric),1,Resistor,,,1%,,,,,,,,,,,,,,,,,,,,10000,,,,,,,,,,,,,,,,,,,,,,,,,,,,,,,,,,,,,,,,,,,,,,,,,,,,,,,,,,,,,,,,,,,,,,,,,,,,,,,,,,,,,,,,,,,,,,,,,,,,,,,,,,,,,,,,,,,,,,,,,,,,,
R29,Generic Resistor (10000),Generic,Resistor (10000),,0603 (1608 metric),1,Resistor,,,1%,,,,,,,,,,,,,,,,,,,,10000,,,,,,,,,,,,,,,,,,,,,,,,,,,,,,,,,,,,,,,,,,,,,,,,,,,,,,,,,,,,,,,,,,,,,,,,,,,,,,,,,,,,,,,,,,,,,,,,,,,,,,,,,,,,,,,,,,,,,,,,,,,,,
R3,Generic Resistor (10000),Generic,Resistor (10000),,0603 (1608 metric),1,Resistor,,,1%,,,,,,,,,,,,,,,,,,,,10000,,,,,,,,,,,,,,,,,,,,,,,,,,,,,,,,,,,,,,,,,,,,,,,,,,,,,,,,,,,,,,,,,,,,,,,,,,,,,,,,,,,,,,,,,,,,,,,,,,,,,,,,,,,,,,,,,,,,,,,,,,,,,
R30,Generic Resistor (649R),Generic,Resistor (649R),,0603 (1608 metric),1,Resistor,,,1%,,,,,,,,,,,,,,,,,,,,649R,,,,,,,,,,,,,,,,,,,,,,,,,,,,,,,,,,,,,,,,,,,,,,,,,,,,,,,,,,,,,,,,,,,,,,,,,,,,,,,,,,,,,,,,,,,,,,,,,,,,,,,,,,,,,,,,,,,,,,,,,,,,,
R31,Generic Resistor (649R),Generic,Resistor (649R),,0603 (1608 metric),1,Resistor,,,1%,,,,,,,,,,,,,,,,,,,,649R,,,,,,,,,,,,,,,,,,,,,,,,,,,,,,,,,,,,,,,,,,,,,,,,,,,,,,,,,,,,,,,,,,,,,,,,,,,,,,,,,,,,,,,,,,,,,,,,,,,,,,,,,,,,,,,,,,,,,,,,,,,,,
R32,Generic Resistor (2K2),Generic,Resistor (2K2),,0603 (1608 metric),1,Resistor,,,1%,,,,,,,,,,,,,,,,,,,,2K2,,,,,,,,,,,,,,,,,,,,,,,,,,,,,,,,,,,,,,,,,,,,,,,,,,,,,,,,,,,,,,,,,,,,,,,,,,,,,,,,,,,,,,,,,,,,,,,,,,,,,,,,,,,,,,,,,,,,,,,,,,,,,
R33,Generic Resistor (10000),Generic,Resistor (10000),,0603 (1608 metric),1,Resistor,,,1%,,,,,,,,,,,,,,,,,,,,10000,,,,,,,,,,,,,,,,,,,,,,,,,,,,,,,,,,,,,,,,,,,,,,,,,,,,,,,,,,,,,,,,,,,,,,,,,,,,,,,,,,,,,,,,,,,,,,,,,,,,,,,,,,,,,,,,,,,,,,,,,,,,,
R34,Generic Resistor (10000),Generic,Resistor (10000),,0603 (1608 metric),1,Resistor,,,1%,,,,,,,,,,,,,,,,,,,,10000,,,,,,,,,,,,,,,,,,,,,,,,,,,,,,,,,,,,,,,,,,,,,,,,,,,,,,,,,,,,,,,,,,,,,,,,,,,,,,,,,,,,,,,,,,,,,,,,,,,,,,,,,,,,,,,,,,,,,,,,,,,,,
R35,Generic Resistor (10000),Generic,Resistor (10000),,0603 (1608 metric),1,Resistor,,,1%,,,,,,,,,,,,,,,,,,,,10000,,,,,,,,,,,,,,,,,,,,,,,,,,,,,,,,,,,,,,,,,,,,,,,,,,,,,,,,,,,,,,,,,,,,,,,,,,,,,,,,,,,,,,,,,,,,,,,,,,,,,,,,,,,,,,,,,,,,,,,,,,,,,
R36,Generic Resistor (1800),Generic,Resistor (1800),,0603 (1608 metric),1,Resistor,,,1%,,,,,,,,,,,,,,,,,,,,1800,,,,,,,,,,,,,,,,,,,,,,,,,,,,,,,,,,,,,,,,,,,,,,,,,,,,,,,,,,,,,,,,,,,,,,,,,,,,,,,,,,,,,,,,,,,,,,,,,,,,,,,,,,,,,,,,,,,,,,,,,,,,,
R37,Generic Resistor (1800),Generic,Resistor (1800),,0603 (1608 metric),1,Resistor,,,1%,,,,,,,,,,,,,,,,,,,,1800,,,,,,,,,,,,,,,,,,,,,,,,,,,,,,,,,,,,,,,,,,,,,,,,,,,,,,,,,,,,,,,,,,,,,,,,,,,,,,,,,,,,,,,,,,,,,,,,,,,,,,,,,,,,,,,,,,,,,,,,,,,,,
R38,Generic Resistor (1800),Generic,Resistor (1800),,0603 (1608 metric),1,Resistor,,,1%,,,,,,,,,,,,,,,,,,,,1800,,,,,,,,,,,,,,,,,,,,,,,,,,,,,,,,,,,,,,,,,,,,,,,,,,,,,,,,,,,,,,,,,,,,,,,,,,,,,,,,,,,,,,,,,,,,,,,,,,,,,,,,,,,,,,,,,,,,,,,,,,,,,
R39,Generic Resistor (1800),Generic,Resistor (1800),,0603 (1608 metric),1,Resistor,,,1%,,,,,,,,,,,,,,,,,,,,1800,,,,,,,,,,,,,,,,,,,,,,,,,,,,,,,,,,,,,,,,,,,,,,,,,,,,,,,,,,,,,,,,,,,,,,,,,,,,,,,,,,,,,,,,,,,,,,,,,,,,,,,,,,,,,,,,,,,,,,,,,,,,,
R4,Generic Resistor (10000),Generic,Resistor (10000),,0603 (1608 metric),1,Resistor,,,1%,,,,,,,,,,,,,,,,,,,,10000,,,,,,,,,,,,,,,,,,,,,,,,,,,,,,,,,,,,,,,,,,,,,,,,,,,,,,,,,,,,,,,,,,,,,,,,,,,,,,,,,,,,,,,,,,,,,,,,,,,,,,,,,,,,,,,,,,,,,,,,,,,,,
R40,Generic Resistor (1800),Generic,Resistor (1800),,0603 (1608 metric),1,Resistor,,,1%,,,,,,,,,,,,,,,,,,,,1800,,,,,,,,,,,,,,,,,,,,,,,,,,,,,,,,,,,,,,,,,,,,,,,,,,,,,,,,,,,,,,,,,,,,,,,,,,,,,,,,,,,,,,,,,,,,,,,,,,,,,,,,,,,,,,,,,,,,,,,,,,,,,
R41,Generic Resistor (1800),Generic,Resistor (1800),,0603 (1608 metric),1,Resistor,,,1%,,,,,,,,,,,,,,,,,,,,1800,,,,,,,,,,,,,,,,,,,,,,,,,,,,,,,,,,,,,,,,,,,,,,,,,,,,,,,,,,,,,,,,,,,,,,,,,,,,,,,,,,,,,,,,,,,,,,,,,,,,,,,,,,,,,,,,,,,,,,,,,,,,,
R42,Generic Resistor (10000),Generic,Resistor (10000),,0603 (1608 metric),1,Resistor,,,1%,,,,,,,,,,,,,,,,,,,,10000,,,,,,,,,,,,,,,,,,,,,,,,,,,,,,,,,,,,,,,,,,,,,,,,,,,,,,,,,,,,,,,,,,,,,,,,,,,,,,,,,,,,,,,,,,,,,,,,,,,,,,,,,,,,,,,,,,,,,,,,,,,,,
R44,Generic Resistor (DNP),Generic,Resistor (DNP),,0603 (1608 metric),0,Resistor,,,1%,,,,,,,,,,,,,,,,,,,,DNP,,,,,,,,,,,,,,,,,,,,,true,,,,,,,,,,,,,,,,,,,,,,,,,,,,,,,,,,,,,,,,,,,,,,,,,,,,,,,,,,,,,,,,,,,,,,,,,,,,,,,,,,,,,,,,,,,,,,,,,,,,,,,,
R45,Generic Resistor (10000),Generic,Resistor (10000),,0603 (1608 metric),0,Resistor,,,1%,,,,,,,,,,,,,,,,,,,,10000,,,,,,,,,,,,,,,,,,,,,,,,,,,,,,,,,,,,,,,,,,,,,,,,,,,,,,,,,,,,,,,,,,,,,,,,,,,,,,,,,,,,,,,,,,,,,,,,,,,,,,,,,,,,,,,,,,,,,,,,,,,,,
R46,Generic Resistor (1800),Generic,Resistor (1800),,0603 (1608 metric),0,Resistor,,,1%,,,,,,,,,,,,,,,,,,,,1800,,,,,,,,,,,,,,,,,,,,,,,,,,,,,,,,,,,,,,,,,,,,,,,,,,,,,,,,,,,,,,,,,,,,,,,,,,,,,,,,,,,,,,,,,,,,,,,,,,,,,,,,,,,,,,,,,,,,,,,,,,,,,
R47,Generic Resistor (10000),Generic,Resistor (10000),,0603 (1608 metric),0,Resistor,,,1%,,,,,,,,,,,,,,,,,,,,10000,,,,,,,,,,,,,,,,,,,,,false,,,,,,,,,,,,,,,,,,,,,,,,,,,,,,,,,,,,,,,,,,,,,,,,,,,,,,,,,,,,,,,,,,,,,,,,,,,,,,,,,,,,,,,,,,,,,,,,,,,,,,,,
R48,Generic Resistor (10000),Generic,Resistor (10000),,0603 (1608 metric),0,Resistor,,,1%,,,,,,,,,,,,,,,,,,,,10000,,,,,,,,,,,,,,,,,,,,,,,,,,,,,,,,,,,,,,,,,,,,,,,,,,,,,,,,,,,,,,,,,,,,,,,,,,,,,,,,,,,,,,,,,,,,,,,,,,,,,,,,,,,,,,,,,,,,,,,,,,,,,
R50,Generic Resistor (1000000),Generic,Resistor (1000000),,0603 (1608 metric),1,Resistor,,,1%,,,,,,,,,,,,,,,,,,,,1000000,,,,,,,,,,,,,,,,,,,,,,,,,,,,,,,,,,,,,,,,,,,,,,,,,,,,,,,,,,,,,,,,,,,,,,,,,,,,,,,,,,,,,,,,,,,,,,,,,,,,,,,,,,,,,,,,,,,,,,,,,,,,,
R51,Generic Resistor (1000000),Generic,Resistor (1000000),,0603 (1608 metric),1,Resistor,,,1%,,,,,,,,,,,,,,,,,,,,1000000,,,,,,,,,,,,,,,,,,,,,,,,,,,,,,,,,,,,,,,,,,,,,,,,,,,,,,,,,,,,,,,,,,,,,,,,,,,,,,,,,,,,,,,,,,,,,,,,,,,,,,,,,,,,,,,,,,,,,,,,,,,,,
R52,Generic Resistor (357000),Generic,Resistor (357000),,0603 (1608 metric),1,Resistor,,,1%,,,,,,,,,,,,,,,,,,,,357000,,,,,,,,,,,,,,,,,,,,,,,,,,,,,,,,,,,,,,,,,,,,,,,,,,,,,,,,,,,,,,,,,,,,,,,,,,,,,,,,,,,,,,,,,,,,,,,,,,,,,,,,,,,,,,,,,,,,,,,,,,,,,
R53,Generic Resistor (210000),Generic,Resistor (210000),,0603 (1608 metric),1,Resistor,,,1%,,,,,,,,,,,,,,,,,,,,210000,,,,,,,,,,,,,,,,,,,,,,,,,,,,,,,,,,,,,,,,,,,,,,,,,,,,,,,,,,,,,,,,,,,,,,,,,,,,,,,,,,,,,,,,,,,,,,,,,,,,,,,,,,,,,,,,,,,,,,,,,,,,,
R54,Generic Resistor (100R),Generic,Resistor (100R),,1206 (3216 metric),1,Resistor,,,1%,,,,,,,,,,,,,,,,,,,,100R,,,,,,,,,,,,,,,,,,,,,,,,,,,,,,,,,,,,,,,,,,,,,,,,,,,,,,,,,,,,,,,,,,,,,,,,,,,,,,,,,,,,,,,,,,,,,,,,,,,,,,,,,,,,,,,,,,,,,,,,,,,,,
R55,Generic Resistor (100R),Generic,Resistor (100R),,1206 (3216 metric),1,Resistor,,,1%,,,,,,,,,,,,,,,,,,,,100R,,,,,,,,,,,,,,,,,,,,,,,,,,,,,,,,,,,,,,,,,,,,,,,,,,,,,,,,,,,,,,,,,,,,,,,,,,,,,,,,,,,,,,,,,,,,,,,,,,,,,,,,,,,,,,,,,,,,,,,,,,,,,
R56,Generic Resistor (18R),Generic,Resistor (18R),,0603 (1608 metric),1,Resistor,,,1%,,,,,,,,,,,,,,,,,,,,18R,,,,,,,,,,,,,,,,,,,,,,,,,,,,,,,,,,,,,,,,,,,,,,,,,,,,,,,,,,,,,,,,,,,,,,,,,,,,,,,,,,,,,,,,,,,,,,,,,,,,,,,,,,,,,,,,,,,,,,,,,,,,,
R6,Generic Resistor (12000),Generic,Resistor (12000),,0603 (1608 metric),1,Resistor,,,1%,,,,,,,,,,,,,,,,,,,,12000,,,,,,,,,,,,,,,,,,,,,,,,,,,,,,,,,,,,,,,,,,,,,,,,,,,,,,,,,,,,,,,,,,,,,,,,,,,,,,,,,,,,,,,,,,,,,,,,,,,,,,,,,,,,,,,,,,,,,,,,,,,,,
R7,Generic Resistor (2200),Generic,Resistor (2200),,0603 (1608 metric),1,Resistor,,,1%,,,,,,,,,,,,,,,,,,,,2200,,,,,,,,,,,,,,,,,,,,,,,,,,,,,,,,,,,,,,,,,,,,,,,,,,,,,,,,,,,,,,,,,,,,,,,,,,,,,,,,,,,,,,,,,,,,,,,,,,,,,,,,,,,,,,,,,,,,,,,,,,,,,
SW100,Tactile Switches SPST OFF-(ON) 3VA BLK FLAT BUTTON SMT,NKK,HP0315AFKP2-R,,SW_6MM2_6MM2_SMT_4,1,,,,,,,633-HP0315AFKP2-R,360-2595-1-ND,true,-20°C,true,SWITCH TACTILE SPST-NO 3VA 28V,true,,true,+70°C,No,,,,,,,,,,,,,,,,,,,,,,,,,,,,,,,,,,,,,,,,,,,,,,,,,,,,,,,,,,,,,,,,,,,,,,,,,,,,,,,,,,,,,,,,,,,,,,,,,,,,,,,,,,,,,,,,,,,,,,,,,,,,,,,,,,,,
SW94,Tactile Switches SPST OFF-(ON) 3VA BLK FLAT BUTTON SMT,NKK,HP0315AFKP2-R,,SW_6MM2_6MM2_SMT_4,1,,,,,,,633-HP0315AFKP2-R,360-2595-1-ND,true,-20°C,true,SWITCH TACTILE SPST-NO 3VA 28V,true,,true,+70°C,No,,,,,,,,,,,,,,,,,,,,,,,,,,,,,,,,,,,,,,,,,,,,,,,,,,,,,,,,,,,,,,,,,,,,,,,,,,,,,,,,,,,,,,,,,,,,,,,,,,,,,,,,,,,,,,,,,,,,,,,,,,,,,,,,,,,,
SW97,Tactile Switches SPST OFF-(ON) 3VA BLK FLAT BUTTON SMT,NKK,HP0315AFKP2-R,,SW_6MM2_6MM2_SMT_4,1,,,,,,,633-HP0315AFKP2-R,360-2595-1-ND,true,-20°C,true,SWITCH TACTILE SPST-NO 3VA 28V,true,,true,+70°C,No,,,,,,,,,,,,,,,,,,,,,,,,,,,,,,,,,,,,,,,,,,,,,,,,,,,,,,,,,,,,,,,,,,,,,,,,,,,,,,,,,,,,,,,,,,,,,,,,,,,,,,,,,,,,,,,,,,,,,,,,,,,,,,,,,,,,
U1,"ultra-low power, non-volatile FPGA",Lattice,iCE40HX4K-TQ144,,TQFP144,1,,,,,,,842-ICE40HX4K-TQ144,220-1572-ND,true,-40°C,true,IC FPGA 107 I/O 144TQFP,true,QFP50P2200X2200X160-144,true,+100°C,No,,,,,,,,,,,,,,,,,,,,,,,,,,,,,http://www.latticesemi.com/~/media/LatticeSemi/Documents/PinPackage/PackageDiagrams.pdf,,,,,,,,,,,,,,,,,,,,,,,,,,,,,,,,,,,,,,,,,,,,,,,,,,,,,,,,,,,,,,,,,,,,,,,,,,,,,,,,,,,,,,,,,,,,,,,,,,,,,,,
U112,Triple non-inverting Schmitt trigger with 5 V tolerant input,NEXPERIA,74LVC3G17DP,,TSSOP8,1,,,,,,,,,,,,,,SOP65P400X105-8,,,,,,,,,,,passive,passive,,,passive,,,,passive,passive,,passive,passive,,passive,,,,,,,,,,,,,,,,,,,,,,,,,,,,,,,,,,,,,,,,,,,,,,,,,,,,,,,,,,,,,,,,,,,,,,,,,,,,,,,,,,,,,,,,,,,,,,,,,,,,,,,,,,,,,,
U118,Triple non-inverting Schmitt trigger with 5 V tolerant input,NEXPERIA,74LVC3G17DP,,TSSOP8,1,,,,,,,,,,,,,,SOP65P400X105-8,,,,,,,,,,,passive,passive,,,passive,,,,passive,passive,,passive,passive,,passive,,,,,,,,,,,,,,,,,,,,,,,,,,,,,,,,,,,,,,,,,,,,,,,,,,,,,,,,,,,,,,,,,,,,,,,,,,,,,,,,,,,,,,,,,,,,,,,,,,,,,,,,,,,,,,
U119,5-channel I2C-bus hub,NXP,"PCA9516APW,112",,TSSOP16,1,,,,,,,,,,,,,,,,,,,Eagle,,,,,,,,,,,,,,,,,,,,,,,,,,,,,,,,,,,,,,,,,,,,,,,,,,,,,,,,,,,,,,,,,,,,,,,,,,,,,,,,,,,,,,,,,,,,,,,,,,,,,,,,,,,,,,,,,,,,,,,,,,,,,,,,,,
U13,Dual High Speed USB to Multipurpose UART/FIFO IC,Future Technology Devices International Ltd.,FT2232HL-REEL,,LQFP64,1,,,3.6V,,,,895-FT2232HL,768-1024-1-ND,true,-40°C,true,IC USB HS DUAL UART/FIFO 64-LQFP,true,QFP50P1200X1200X160-64,true,+85°C,No,,,,,,,,,,,,,,,,,,,,,,,,,,,,,,,,,,,,,,,,,,,,,,,,,,,,,,,,,,,,,,,,,,,,,,,,,,,,,,,,,,,,,,,,,,,,,,,,,,,,,,,,,,,,,,,,,,,,,,,,,,,,,,,,,,,,
U131,Triple non-inverting Schmitt trigger with 5 V tolerant input,NEXPERIA,74LVC3G17DP,,TSSOP8,1,,,,,,,,,,,,,,SOP65P400X105-8,,,,,,,,,,,passive,passive,,,passive,,,,passive,passive,,passive,passive,,passive,,,,,,,,,,,,,,,,,,,,,,,,,,,,,,,,,,,,,,,,,,,,,,,,,,,,,,,,,,,,,,,,,,,,,,,,,,,,,,,,,,,,,,,,,,,,,,,,,,,,,,,,,,,,,,
U134,Triple non-inverting Schmitt trigger with 5 V tolerant input,NEXPERIA,74LVC3G17DP,,TSSOP8,1,,,,,,,,,,,,,,SOP65P400X105-8,,,,,,,,,,,passive,passive,,,passive,,,,passive,passive,,passive,passive,,passive,,,,,,,,,,,,,,,,,,,,,,,,,,,,,,,,,,,,,,,,,,,,,,,,,,,,,,,,,,,,,,,,,,,,,,,,,,,,,,,,,,,,,,,,,,,,,,,,,,,,,,,,,,,,,,
U137,Quad 1-of-2 multiplexer/demultiplexer,NEXPERIA,74CBTLV3257PW,,SOP65P640X120-16N,1,,,,,,,,,,,,,,SOP65P640X105-16,,,,,,,,,,,passive,passive,,,passive,,,,passive,passive,,passive,passive,,passive,,,,,,,,passive,passive,passive,passive,passive,passive,passive,passive,,,,,,,,,,,,,,,,,,,,,,,,,,,,,,,,,,,,,,,,,,,,,,,,,,,,,,,,,,,,,,,,,,,,,,,,,,,,,,,,,,,,,,,,,,,,,,,
U143,Quad 1-of-2 multiplexer/demultiplexer,NEXPERIA,74CBTLV3257PW,,SOP65P640X120-16N,1,,,,,,,,,,,,,,SOP65P640X105-16,,,,,,,,,,,passive,passive,,,passive,,,,passive,passive,,passive,passive,,passive,,,,,,,,passive,passive,passive,passive,passive,passive,passive,passive,,,,,,,,,,,,,,,,,,,,,,,,,,,,,,,,,,,,,,,,,,,,,,,,,,,,,,,,,,,,,,,,,,,,,,,,,,,,,,,,,,,,,,,,,,,,,,,
U157,"2K, 128x16-bit, 2.5V Microwire Serial EEPROM, 6-Pin SOT-23, Industrial Temperature, Tape and Reel",Microchip,93LC56BT-I/OT,Digi-Key 93LC56BT-I/OTCT-ND/Digi-Key 93LC56BT-I/OTDKR-ND/Digi-Key 93LC56BT-I/OTTR-ND/Newark 28X4163/Newark 30H4760,SOT-23,0,,,,,,,,,,,,,,,,,,,Altium,,,,,,,,,,,,,,,,,,,,,,,,,,,,,,,,,,,,Digi-Key,Digi-Key,http://www.microchip.com/,93LC56BT-I/OTTR-ND,Farnell,93LC56BT-I/OTDKR-ND,6-Lead Plastic Small Outline Transistor (OT) [SOT-23],Memory,2e-06s,*,"SOT23, 6-Leads, Body 2.9x1.6mm, Pitch 0.95mm, Lead Span 2.7mm, IPC High Density",Digi-Key,-1,93LC56BT-I/OTCT-ND,Uncategorized,SOT26A-6,1556165,Semiconductors and Actives,Active,MEM/SEEPROM/93AA46B-OT-6,http://www.microchip.com/stellent/groups/techpub_sg/documents/packagingspec/en012702.pdf,surface mount,2000000.0Hz,EEPROMs,"SOT23, 6-Leads, Body 2.9x1.6mm, Pitch 0.95mm, Lead Span 2.7mm, IPC Medium Density",5.0V,5.5V,"SOT23, 6-Leads, Body 2.9x1.6mm, Pitch 0.95mm, Lead Span 2.7mm, IPC Low Density",3000000.0Hz,Uncategorized,,,,,,,,,,,,,,,,,,,,,,,,,,,,,,,,,,,,,,,,,,,,,,,,,,,,,,,,,,,,,,,,,
U160,Quad 1-of-2 multiplexer/demultiplexer,NEXPERIA,74CBTLV3257PW,,SOP65P640X120-16N,1,,,,,,,,,,,,,,SOP65P640X105-16,,,,,,,,,,,passive,passive,,,passive,,,,passive,passive,,passive,passive,,passive,,,,,,,,passive,passive,passive,passive,passive,passive,passive,passive,,,,,,,,,,,,,,,,,,,,,,,,,,,,,,,,,,,,,,,,,,,,,,,,,,,,,,,,,,,,,,,,,,,,,,,,,,,,,,,,,,,,,,,,,,,,,,,
U169,"Dual 750mA/250mA Low Dropout, Low Noise, Micropower Linear Regulator",LINEAR TECHNOLOGY,LT3030,,TSSOP20,1,,,,,,,,,,,,,,,,,,,,,,,,,passive,passive,,,passive,,,,passive,passive,,passive,passive,,passive,,,,,,,,passive,passive,passive,passive,passive,passive,passive,passive,,,,,,,,,,,,,,,,,,,,,,,,,,,,,,,passive,passive,passive,passive,passive,,,,,,,,,,,,,,,,,,,,,,,,,,,,,,,,,,,,,,,,,,,,,,,,,,,,,,,,,,,,
U179,10-Bit Voltage Output Digital-to-Analog Converter with Internal VREF and SPI Interface,Microchip,MCP4811-E/MS,,MSOP8,1,,,,,,,,,,,,,,SOIC65P490X110-8,,,,,PartsBot,,,,,,passive,passive,,,passive,,,,passive,passive,,passive,passive,,passive,,,,,,,,,,,,,,,,,,,,,,,,,,,,,,,,,,,,,,,,,,,,,,,,,,,1,TUBE,MSOP,SPI,8/SOIC 150mil,Int,0.5,10,,-40C to +125C,,$1.17,8,,,,,,,,,,,,,,,,,,,,,,,,,,,,,,,,,,,,,,,,,,,,,,,
U182,3V 8M-BIT SERIAL FLASH MEMORY WITH  DUAL/QUAD SPI,WINBOND,W25Q80JVSNIQ,,SO8,1,,,,,,,,,,,,,,,,,,,,,,,,,,,,,,,,,,,,,,,,,,,,,,,,,,,,,,,,,,,,,,,,,,,,,,,,,,,,,,,,,,,,,,,,,,,,,,,,,,,,,,,,,,,,,,,,,,,,,,,,,,,,,,,,,,,,,,,,,,,,,,,,,,,,,
U36,High Speed Dual MOSFET Driver,MICROCHIP,MD1210K6-G,,QFN12,1,,,,,,,,,,,,,,QFN80P400X400X90-12,,,,,,,,,,,passive,passive,,,passive,,,,passive,passive,,passive,passive,,passive,,,,,,,,passive,,passive,passive,passive,,,passive,,,,,,,,,,,,,,,,,,,,,,,,,,,,,,,,,,,,,,,,,,,,,,,,,,,,,,,,,,,,,,,,,,,,,,,,,,,,,,,,,,,,,,,,,,,,,,,
U40,Standard,Supertex,TC6320TG-G,,SO,1,,,,,,,,,,,,,,SOIC127P600X155-8,,,,,,,,,,,passive,passive,,,passive,,,,passive,passive,,passive,passive,,passive,,,,,,,,,,,,,,,,,,,,,,,,,,,,,,,,,Semiconductors and Actives,,,,,,,,,,,,,,,,,,,,,,,,,,,,,,,,"N-Channel, P-Channel",MOSFETs,"Discretes (diodes, transistors, thyristors ...)",7 Ω,Transistors,200 V,Uncategorized,,,,,,,,,,,,,,,,,,,,,,,,,,,,,,,,,,,,,,,
U54,Triple Output 3W DC/DC Converters,MURATA,NMT0572SC,,SIP8,1,,,,,,,,,,,,,,SIP750W50P254L2180H1110Q8,,,,,,,,,,,,passive,,,passive,,,,,passive,,passive,passive,,passive,,,,,,,,,,,,,,,,,,,,,,,,,,,,,,,,,,,,,,,,,,,,,,,,,,,,,,,,,,,,,,,,,,,,,,,,,,,,,,,,,,,,,,,,,,,,,,,,,,,,,,,,,,,,,,
U61,HIGH VOLTAGE PROTECT T/R SWITCH,MICROCHIP,MD0100N8-G,,SOT89-3,1,,,,,,,,,,,,,,,,,,,,,,,,,,,,,,,,,,passive,,,passive,,passive,,,,,,,,,,,,,,,,,,,,,,,,,,,,,,,,,,,,,,,,,,,,,,,,,,,,,,,,,,,,,,,,,,,,,,,,,,,,,,,,,,,,,,,,,,,,,,,,,,,,,,,,,,,,,,
U64,,ANALOG DEVICES,AD8331ARQZ,Digi-Key AD8331ARQZ-ND/Newark 59K6617,SOP64P600X165-20N,1,,,,,,,,,,,,,,,,,,,Eagle,,,,,,,,,,,,,,,,,,,,,,,,,,,,,,,,,,,,,,,,,,,,,,,,,,,,,Semiconductors and Actives,Active,,,surface mount,,,,5.0V,,,,Uncategorized,,,,,,,,,,,,,,,,,,,,,,,,,,,"Amplifiers, Buffers",No SVHC,Uncategorized,Operational Amplifiers (General Purpose),120000000.0Hz,650.0V/μs,0.025A,,,,,,,,,,,,,,,,,,,,,,,,,,,,,,,,
U79,"10-Bit 65 MSPS 3V A/D Converter, 28-pin TSSOP, Pb-Free",National Semiconductor,ADC10065CIMT/NOPB,,,1,,,,,,,,,,,,,,,,,,,Altium,,,,,,,,,,,,,,,,,,,,,,,,,,,,,,,,,,,,,,,ADC10065CIMT-ND,,,"Molded TSSOP, Jedec, 9.7 x 4.4 x 0.9mm Body, 28 Lead, 0.65mm Pitch",,,*,"TSOP, 28-Leads, Body 9.7x4.4mm, Pitch 0.65mm, IPC High Density",Digi-Key,-1,,,,,,,,,,,,"TSOP, 28-Leads, Body 9.7x4.4mm, Pitch 0.65mm, IPC Medium Density",,,"TSOP, 28-Leads, Body 9.7x4.4mm, Pitch 0.65mm, IPC Low Density",,,,,,,,,,,,,,,,,,,,,,,,,,,,,,,,,,,,NSUZXYTTE#*ADC10065*CIMT,Y,ADC10065CIMT/NOPB,28,http://www.national.com/packaging/folders/mtc28.html,http://www.national.com/pf/AD/ADC10065.html,MO-153-AE,http://www.national.com/ds/AD/ADC10065.pdf,ADC IC,,,,,,,,,,,,,,,,,,,,,,,
U89,512K x 16 HIGH-SPEED ASYNCHRONOUS CMOS STATIC RAM WITH 3.3V SUPPLY,ISSI,IS61WV51216BLL-10TLI,,SOP80P1176X120-44N,1,,,,,,,,,,,,,,SOP80P1176X105-44,,,,,,,,,,,passive,passive,,,passive,,,,passive,passive,,passive,passive,,passive,,,,,,,,passive,passive,passive,passive,passive,passive,passive,passive,,,,,,,,,,,,,,,,,,,,,,,,,,,,,,,passive,passive,passive,passive,passive,,,,,,,,,,,,,,,,,,,,,,,,,,,,,,,,,,,,,,passive,passive,passive,passive,passive,passive,passive,passive,passive,passive,passive,passive,passive,passive,passive,passive,passive,passive,passive,passive,passive,passive,passive
X1,Standard Clock Oscillators 12.000MHZ 50ppm -40 + 85C,ABRACON,ASEMB-12.000MHZ-LC-T,,XTAL_SMD_3MM2_2MM5,1,,,,,,,,,,,,,,,,,,,,,,,,,,,,,,,,,,,,,,,,,,,,,,,,,,,,,,,,,,,,,,,,,,,,,,,,,,,,,,,,,,,,,,,,,,,,,,,,,,,,,,,,,,,,,,,,,,,,,,,,,,,,,,,,,,,,,,,,,,,,,,,,,,,,,
